start_date,end_date,firm_title,mode,sample_size,primary_lnc,primary_alp,primary_green,primary_onenation,primary_unitedaustralia,primary_other,primary_undecided,tpp_lnc,tpp_alp,tpp_undecided
2001-02-17,2001-02-25,Roy Morgan,NA,NA,NA,NA,NA,NA,NA,NA,NA,0.37,0.63,NA
2001-03-03,2001-03-11,Roy Morgan,NA,NA,NA,NA,NA,NA,NA,NA,NA,0.385,0.615,NA
2007-02-24,2007-02-25,Roy Morgan,NA,NA,NA,NA,NA,NA,NA,NA,NA,0.385,0.615,NA
2007-03-03,2007-03-04,Roy Morgan,NA,NA,NA,NA,NA,NA,NA,NA,NA,0.385,0.615,NA
2007-09-22,2007-09-23,Roy Morgan,NA,NA,NA,NA,NA,NA,NA,NA,NA,0.395,0.605,NA
2007-11-03,2007-11-04,Roy Morgan,NA,NA,NA,NA,NA,NA,NA,NA,NA,0.38,0.62,NA
2009-09-05,2009-09-13,Roy Morgan,NA,NA,NA,NA,NA,NA,NA,NA,NA,0.38,0.62,NA
2009-10-17,2009-10-25,Roy Morgan,NA,NA,NA,NA,NA,NA,NA,NA,NA,0.395,0.605,NA
2013-03-28,2013-03-31,Roy Morgan,NA,NA,NA,NA,NA,NA,NA,NA,NA,0.59,0.41,NA
2013-04-18,2013-04-21,Roy Morgan,NA,NA,NA,NA,NA,NA,NA,NA,NA,0.545,0.455,NA
1998-03-04,1998-03-12,Roy Morgan,NA,NA,NA,NA,NA,NA,NA,NA,NA,0.5,0.5,NA
1998-04-01,1998-04-09,Roy Morgan,NA,NA,NA,NA,NA,NA,NA,NA,NA,0.5,0.5,NA
2001-09-29,2001-10-07,Roy Morgan,NA,NA,NA,NA,NA,NA,NA,NA,NA,0.5,0.5,NA
2003-10-11,2003-10-19,Roy Morgan,NA,NA,NA,NA,NA,NA,NA,NA,NA,0.5,0.5,NA
2004-09-25,2004-09-26,Roy Morgan,NA,NA,NA,NA,NA,NA,NA,NA,NA,0.5,0.5,NA
2010-05-04,2010-05-05,Roy Morgan,NA,NA,NA,NA,NA,NA,NA,NA,NA,0.5,0.5,NA
2010-05-26,2010-05-27,Roy Morgan,NA,NA,NA,NA,NA,NA,NA,NA,NA,0.5,0.5,NA
2010-08-03,2010-08-03,Roy Morgan,NA,NA,NA,NA,NA,NA,NA,NA,NA,0.5,0.5,NA
1998-05-06,1998-05-14,Roy Morgan,NA,NA,NA,NA,NA,NA,NA,NA,NA,0.485,0.515,NA
1998-06-03,1998-06-11,Roy Morgan,NA,NA,NA,NA,NA,NA,NA,NA,NA,0.485,0.515,NA
2001-10-20,2001-10-21,Roy Morgan,NA,NA,NA,NA,NA,NA,NA,NA,NA,0.485,0.515,NA
2004-07-03,2004-07-04,Roy Morgan,NA,NA,NA,NA,NA,NA,NA,NA,NA,0.485,0.515,NA
2004-10-02,2004-10-03,Roy Morgan,NA,NA,NA,NA,NA,NA,NA,NA,NA,0.485,0.515,NA
2010-05-08,2010-05-09,Roy Morgan,NA,NA,NA,NA,NA,NA,NA,NA,NA,0.485,0.515,NA
2010-06-12,2010-06-13,Roy Morgan,NA,NA,NA,NA,NA,NA,NA,NA,NA,0.485,0.515,NA
1997-10-15,1997-10-16,Roy Morgan,NA,NA,NA,NA,NA,NA,NA,NA,NA,0.47,0.53,NA
1998-05-20,1998-05-28,Roy Morgan,NA,NA,NA,NA,NA,NA,NA,NA,NA,0.47,0.53,NA
1998-06-17,1998-06-18,Roy Morgan,NA,NA,NA,NA,NA,NA,NA,NA,NA,0.47,0.53,NA
2003-10-25,2003-11-02,Roy Morgan,NA,NA,NA,NA,NA,NA,NA,NA,NA,0.47,0.53,NA
2004-06-05,2004-06-13,Roy Morgan,NA,NA,NA,NA,NA,NA,NA,NA,NA,0.47,0.53,NA
2004-07-17,2004-07-25,Roy Morgan,NA,NA,NA,NA,NA,NA,NA,NA,NA,0.47,0.53,NA
2004-09-18,2004-09-19,Roy Morgan,NA,NA,NA,NA,NA,NA,NA,NA,NA,0.47,0.53,NA
2009-12-02,2009-12-03,Roy Morgan,NA,NA,NA,NA,NA,NA,NA,NA,NA,0.47,0.53,NA
2009-12-04,2009-12-09,Roy Morgan,NA,NA,NA,NA,NA,NA,NA,NA,NA,0.47,0.53,NA
2010-06-19,2010-06-20,Roy Morgan,NA,NA,NA,NA,NA,NA,NA,NA,NA,0.47,0.53,NA
2010-07-27,2010-07-28,Roy Morgan,NA,NA,NA,NA,NA,NA,NA,NA,NA,0.47,0.53,NA
2010-07-31,2010-08-01,Roy Morgan,NA,NA,NA,NA,NA,NA,NA,NA,NA,0.47,0.53,NA
2015-10-24,2015-11-01,Roy Morgan,NA,NA,NA,NA,NA,NA,NA,NA,NA,0.565,0.435,NA
1997-11-19,1997-11-27,Roy Morgan,NA,NA,NA,NA,NA,NA,NA,NA,NA,0.455,0.545,NA
1998-08-15,1998-08-16,Roy Morgan,NA,NA,NA,NA,NA,NA,NA,NA,NA,0.455,0.545,NA
1998-08-22,1998-08-23,Roy Morgan,NA,NA,NA,NA,NA,NA,NA,NA,NA,0.455,0.545,NA
2001-11-03,2001-11-04,Roy Morgan,NA,NA,NA,NA,NA,NA,NA,NA,NA,0.455,0.545,NA
2004-04-10,2004-04-18,Roy Morgan,NA,NA,NA,NA,NA,NA,NA,NA,NA,0.455,0.545,NA
2004-09-11,2004-09-12,Roy Morgan,NA,NA,NA,NA,NA,NA,NA,NA,NA,0.455,0.545,NA
2007-01-20,2007-01-28,Roy Morgan,NA,NA,NA,NA,NA,NA,NA,NA,NA,0.455,0.545,NA
2007-08-18,2007-08-26,Roy Morgan,NA,NA,NA,NA,NA,NA,NA,NA,NA,0.455,0.545,NA
2007-10-24,2007-10-25,Roy Morgan,NA,NA,NA,NA,NA,NA,NA,NA,NA,0.455,0.545,NA
2007-11-21,2007-11-22,Roy Morgan,NA,NA,NA,NA,NA,NA,NA,NA,NA,0.455,0.545,NA
2010-01-13,2010-01-14,Roy Morgan,NA,NA,NA,NA,NA,NA,NA,NA,NA,0.455,0.545,NA
2010-04-24,2010-04-25,Roy Morgan,NA,NA,NA,NA,NA,NA,NA,NA,NA,0.455,0.545,NA
2010-05-22,2010-05-23,Roy Morgan,NA,NA,NA,NA,NA,NA,NA,NA,NA,0.455,0.545,NA
2010-07-10,2010-07-11,Roy Morgan,NA,NA,NA,NA,NA,NA,NA,NA,NA,0.455,0.545,NA
2015-08-15,2015-08-23,Roy Morgan,NA,NA,NA,NA,NA,NA,NA,NA,NA,0.455,0.545,NA
2012-09-08,2012-09-16,Roy Morgan,NA,NA,NA,NA,NA,NA,NA,NA,NA,0.535,0.465,NA
2012-10-27,2012-11-04,Roy Morgan,NA,NA,NA,NA,NA,NA,NA,NA,NA,0.535,0.465,NA
2013-09-04,2013-09-06,Roy Morgan,NA,NA,NA,NA,NA,NA,NA,NA,NA,0.535,0.465,NA
1998-07-18,1998-07-26,Roy Morgan,NA,NA,NA,NA,NA,NA,NA,NA,NA,0.44,0.56,NA
2000-12-09,2000-12-17,Roy Morgan,NA,NA,NA,NA,NA,NA,NA,NA,NA,0.44,0.56,NA
2004-08-28,2004-09-05,Roy Morgan,NA,NA,NA,NA,NA,NA,NA,NA,NA,0.44,0.56,NA
2007-10-20,2007-10-21,Roy Morgan,NA,NA,NA,NA,NA,NA,NA,NA,NA,0.44,0.56,NA
2007-11-07,2007-11-08,Roy Morgan,NA,NA,NA,NA,NA,NA,NA,NA,NA,0.44,0.56,NA
2009-11-07,2009-11-08,Roy Morgan,NA,NA,NA,NA,NA,NA,NA,NA,NA,0.44,0.56,NA
2010-04-10,2010-04-18,Roy Morgan,NA,NA,NA,NA,NA,NA,NA,NA,NA,0.44,0.56,NA
2010-07-17,2010-07-18,Roy Morgan,NA,NA,NA,NA,NA,NA,NA,NA,NA,0.44,0.56,NA
2003-11-08,2003-11-16,Roy Morgan,NA,NA,NA,NA,NA,NA,NA,NA,NA,0.505,0.495,NA
2012-09-17,2012-09-20,Roy Morgan,NA,NA,NA,NA,NA,NA,NA,NA,NA,0.505,0.495,NA
2013-06-26,2013-06-26,Roy Morgan,NA,NA,NA,NA,NA,NA,NA,NA,NA,0.505,0.495,NA
1998-07-04,1998-07-12,Roy Morgan,NA,NA,NA,NA,NA,NA,NA,NA,NA,0.425,0.575,NA
2001-01-06,2001-01-14,Roy Morgan,NA,NA,NA,NA,NA,NA,NA,NA,NA,0.425,0.575,NA
2007-01-06,2007-01-14,Roy Morgan,NA,NA,NA,NA,NA,NA,NA,NA,NA,0.425,0.575,NA
2007-02-03,2007-02-04,Roy Morgan,NA,NA,NA,NA,NA,NA,NA,NA,NA,0.425,0.575,NA
2007-05-26,2007-05-27,Roy Morgan,NA,NA,NA,NA,NA,NA,NA,NA,NA,0.425,0.575,NA
2007-06-09,2007-06-17,Roy Morgan,NA,NA,NA,NA,NA,NA,NA,NA,NA,0.425,0.575,NA
2007-10-06,2007-10-07,Roy Morgan,NA,NA,NA,NA,NA,NA,NA,NA,NA,0.425,0.575,NA
2007-10-27,2007-10-28,Roy Morgan,NA,NA,NA,NA,NA,NA,NA,NA,NA,0.425,0.575,NA
2010-02-06,2010-02-14,Roy Morgan,NA,NA,NA,NA,NA,NA,NA,NA,NA,0.425,0.575,NA
2010-08-07,2010-08-08,Roy Morgan,NA,NA,NA,NA,NA,NA,NA,NA,NA,0.425,0.575,NA
2006-12-09,2006-12-10,Roy Morgan,NA,NA,NA,NA,NA,NA,NA,NA,NA,0.41,0.59,NA
2006-12-16,2006-12-17,Roy Morgan,NA,NA,NA,NA,NA,NA,NA,NA,NA,0.41,0.59,NA
2007-06-23,2007-07-01,Roy Morgan,NA,NA,NA,NA,NA,NA,NA,NA,NA,0.41,0.59,NA
2007-09-08,2007-09-09,Roy Morgan,NA,NA,NA,NA,NA,NA,NA,NA,NA,0.41,0.59,NA
2009-12-05,2009-12-13,Roy Morgan,NA,NA,NA,NA,NA,NA,NA,NA,NA,0.41,0.59,NA
2012-11-27,2012-11-29,Roy Morgan,NA,NA,NA,NA,NA,NA,NA,NA,NA,0.51,0.49,NA
1998-02-18,1998-02-26,Roy Morgan,NA,NA,NA,NA,NA,NA,NA,NA,NA,0.49,0.51,NA
2001-09-15,2001-09-16,Roy Morgan,NA,NA,NA,NA,NA,NA,NA,NA,NA,0.49,0.51,NA
2001-09-22,2001-09-23,Roy Morgan,NA,NA,NA,NA,NA,NA,NA,NA,NA,0.49,0.51,NA
2004-10-07,2004-10-08,Roy Morgan,NA,NA,NA,NA,NA,NA,NA,NA,NA,0.49,0.51,NA
2010-08-14,2010-08-14,Roy Morgan,NA,NA,NA,NA,NA,NA,NA,NA,NA,0.49,0.51,NA
2010-08-18,2010-08-19,Roy Morgan,NA,NA,NA,NA,NA,NA,NA,NA,NA,0.49,0.51,NA
2010-08-18,2010-08-20,Roy Morgan,NA,NA,NA,NA,NA,NA,NA,NA,NA,0.49,0.51,NA
2015-07-04,2015-07-12,Roy Morgan,NA,NA,NA,NA,NA,NA,NA,NA,NA,0.49,0.51,NA
1998-01-21,1998-01-29,Roy Morgan,NA,NA,NA,NA,NA,NA,NA,NA,NA,0.475,0.525,NA
1998-02-04,1998-02-12,Roy Morgan,NA,NA,NA,NA,NA,NA,NA,NA,NA,0.475,0.525,NA
2001-10-27,2001-10-28,Roy Morgan,NA,NA,NA,NA,NA,NA,NA,NA,NA,0.475,0.525,NA
2003-12-06,2003-12-07,Roy Morgan,NA,NA,NA,NA,NA,NA,NA,NA,NA,0.475,0.525,NA
2004-05-15,2004-05-16,Roy Morgan,NA,NA,NA,NA,NA,NA,NA,NA,NA,0.475,0.525,NA
2006-11-25,2006-12-03,Roy Morgan,NA,NA,NA,NA,NA,NA,NA,NA,NA,0.475,0.525,NA
2010-05-29,2010-05-30,Roy Morgan,NA,NA,NA,NA,NA,NA,NA,NA,NA,0.475,0.525,NA
2012-12-08,2012-12-16,Roy Morgan,NA,NA,NA,NA,NA,NA,NA,NA,NA,0.475,0.525,NA
1997-10-01,1997-10-09,Roy Morgan,NA,NA,NA,NA,NA,NA,NA,NA,NA,0.575,0.425,NA
2015-12-05,2015-12-13,Roy Morgan,NA,NA,NA,NA,NA,NA,NA,NA,NA,0.575,0.425,NA
2001-01-20,2001-01-28,Roy Morgan,NA,NA,NA,NA,NA,NA,NA,NA,NA,0.46,0.54,NA
2003-12-13,2003-12-21,Roy Morgan,NA,NA,NA,NA,NA,NA,NA,NA,NA,0.46,0.54,NA
2004-06-19,2004-06-27,Roy Morgan,NA,NA,NA,NA,NA,NA,NA,NA,NA,0.46,0.54,NA
2004-07-10,2004-07-11,Roy Morgan,NA,NA,NA,NA,NA,NA,NA,NA,NA,0.46,0.54,NA
2015-07-18,2015-07-26,Roy Morgan,NA,NA,NA,NA,NA,NA,NA,NA,NA,0.46,0.54,NA
1998-08-29,1998-08-30,Roy Morgan,NA,NA,NA,NA,NA,NA,NA,NA,NA,0.445,0.555,NA
1998-09-19,1998-09-20,Roy Morgan,NA,NA,NA,NA,NA,NA,NA,NA,NA,0.445,0.555,NA
2000-11-11,2000-11-19,Roy Morgan,NA,NA,NA,NA,NA,NA,NA,NA,NA,0.445,0.555,NA
2001-08-04,2001-08-12,Roy Morgan,NA,NA,NA,NA,NA,NA,NA,NA,NA,0.445,0.555,NA
2004-01-03,2004-01-11,Roy Morgan,NA,NA,NA,NA,NA,NA,NA,NA,NA,0.445,0.555,NA
2004-02-14,2004-02-22,Roy Morgan,NA,NA,NA,NA,NA,NA,NA,NA,NA,0.445,0.555,NA
2004-02-28,2004-03-07,Roy Morgan,NA,NA,NA,NA,NA,NA,NA,NA,NA,0.445,0.555,NA
2004-03-13,2004-03-21,Roy Morgan,NA,NA,NA,NA,NA,NA,NA,NA,NA,0.445,0.555,NA
2004-08-14,2004-08-22,Roy Morgan,NA,NA,NA,NA,NA,NA,NA,NA,NA,0.445,0.555,NA
2007-10-17,2007-10-18,Roy Morgan,NA,NA,NA,NA,NA,NA,NA,NA,NA,0.445,0.555,NA
2007-11-15,2007-11-17,Roy Morgan,NA,NA,NA,NA,NA,NA,NA,NA,NA,0.445,0.555,NA
2010-02-27,2010-03-07,Roy Morgan,NA,NA,NA,NA,NA,NA,NA,NA,NA,0.445,0.555,NA
2010-07-20,2010-07-21,Roy Morgan,NA,NA,NA,NA,NA,NA,NA,NA,NA,0.445,0.555,NA
2010-07-24,2010-07-25,Roy Morgan,NA,NA,NA,NA,NA,NA,NA,NA,NA,0.445,0.555,NA
1997-12-03,1997-12-11,Roy Morgan,NA,NA,NA,NA,NA,NA,NA,NA,NA,0.515,0.485,NA
2010-06-25,2010-06-28,Roy Morgan,NA,NA,NA,NA,NA,NA,NA,NA,NA,0.515,0.485,NA
2001-02-03,2001-02-11,Roy Morgan,NA,NA,NA,NA,NA,NA,NA,NA,NA,0.43,0.57,NA
2001-05-26,2001-05-27,Roy Morgan,NA,NA,NA,NA,NA,NA,NA,NA,NA,0.43,0.57,NA
2001-06-09,2001-06-17,Roy Morgan,NA,NA,NA,NA,NA,NA,NA,NA,NA,0.43,0.57,NA
2001-08-18,2001-08-26,Roy Morgan,NA,NA,NA,NA,NA,NA,NA,NA,NA,0.43,0.57,NA
2007-02-10,2007-02-18,Roy Morgan,NA,NA,NA,NA,NA,NA,NA,NA,NA,0.43,0.57,NA
2007-10-13,2007-10-14,Roy Morgan,NA,NA,NA,NA,NA,NA,NA,NA,NA,0.43,0.57,NA
2015-08-01,2015-08-09,Roy Morgan,NA,NA,NA,NA,NA,NA,NA,NA,NA,0.43,0.57,NA
2015-09-12,2015-09-13,Roy Morgan,NA,NA,NA,NA,NA,NA,NA,NA,NA,0.43,0.57,NA
2007-03-17,2007-03-18,Roy Morgan,NA,NA,NA,NA,NA,NA,NA,NA,NA,0.415,0.585,NA
2007-08-04,2007-08-12,Roy Morgan,NA,NA,NA,NA,NA,NA,NA,NA,NA,0.415,0.585,NA
2009-11-21,2009-11-22,Roy Morgan,NA,NA,NA,NA,NA,NA,NA,NA,NA,0.415,0.585,NA
2009-11-28,2009-11-29,Roy Morgan,NA,NA,NA,NA,NA,NA,NA,NA,NA,0.415,0.585,NA
2010-01-09,2010-01-17,Roy Morgan,NA,NA,NA,NA,NA,NA,NA,NA,NA,0.415,0.585,NA
2001-03-17,2001-03-25,Roy Morgan,NA,NA,NA,NA,NA,NA,NA,NA,NA,0.4,0.6,NA
2001-06-02,2001-06-03,Roy Morgan,NA,NA,NA,NA,NA,NA,NA,NA,NA,0.4,0.6,NA
2007-03-24,2007-04-01,Roy Morgan,NA,NA,NA,NA,NA,NA,NA,NA,NA,0.4,0.6,NA
2007-05-05,2007-05-06,Roy Morgan,NA,NA,NA,NA,NA,NA,NA,NA,NA,0.4,0.6,NA
2007-05-19,2007-05-20,Roy Morgan,NA,NA,NA,NA,NA,NA,NA,NA,NA,0.4,0.6,NA
2007-09-01,2007-09-02,Roy Morgan,NA,NA,NA,NA,NA,NA,NA,NA,NA,0.4,0.6,NA
2009-10-03,2009-10-11,Roy Morgan,NA,NA,NA,NA,NA,NA,NA,NA,NA,0.4,0.6,NA
2001-10-13,2001-10-14,Roy Morgan,NA,NA,NA,NA,NA,NA,NA,NA,NA,0.55,0.45,NA
2015-09-19,2015-09-20,Roy Morgan,NA,NA,NA,NA,NA,NA,NA,NA,NA,0.55,0.45,NA
2010-05-12,2010-05-13,Roy Morgan,NA,NA,NA,NA,NA,NA,NA,NA,NA,0.52,0.48,NA
2012-09-22,2012-09-23,Roy Morgan,NA,NA,NA,NA,NA,NA,NA,NA,NA,0.52,0.48,NA
2012-09-29,2012-10-07,Roy Morgan,NA,NA,NA,NA,NA,NA,NA,NA,NA,0.52,0.48,NA
1998-03-18,1998-03-26,Roy Morgan,NA,NA,NA,NA,NA,NA,NA,NA,NA,0.495,0.505,NA
1998-04-29,1998-04-30,Roy Morgan,NA,NA,NA,NA,NA,NA,NA,NA,NA,0.495,0.505,NA
1998-09-23,1998-09-24,Roy Morgan,NA,NA,NA,NA,NA,NA,NA,NA,NA,0.495,0.505,NA
2010-05-15,2010-05-16,Roy Morgan,NA,NA,NA,NA,NA,NA,NA,NA,NA,0.495,0.505,NA
2012-10-13,2012-10-21,Roy Morgan,NA,NA,NA,NA,NA,NA,NA,NA,NA,0.495,0.505,NA
2012-11-10,2012-11-18,Roy Morgan,NA,NA,NA,NA,NA,NA,NA,NA,NA,0.495,0.505,NA
1998-01-07,1998-01-15,Roy Morgan,NA,NA,NA,NA,NA,NA,NA,NA,NA,0.48,0.52,NA
2001-09-01,2001-09-02,Roy Morgan,NA,NA,NA,NA,NA,NA,NA,NA,NA,0.48,0.52,NA
2003-11-22,2003-11-23,Roy Morgan,NA,NA,NA,NA,NA,NA,NA,NA,NA,0.48,0.52,NA
2003-11-29,2003-11-30,Roy Morgan,NA,NA,NA,NA,NA,NA,NA,NA,NA,0.48,0.52,NA
2009-11-11,2009-11-12,Roy Morgan,NA,NA,NA,NA,NA,NA,NA,NA,NA,0.48,0.52,NA
2010-06-05,2010-06-06,Roy Morgan,NA,NA,NA,NA,NA,NA,NA,NA,NA,0.48,0.52,NA
2010-08-14,2010-08-15,Roy Morgan,NA,NA,NA,NA,NA,NA,NA,NA,NA,0.48,0.52,NA
1997-10-22,1997-10-30,Roy Morgan,NA,NA,NA,NA,NA,NA,NA,NA,NA,0.465,0.535,NA
1997-11-05,1997-11-13,Roy Morgan,NA,NA,NA,NA,NA,NA,NA,NA,NA,0.465,0.535,NA
1998-04-22,1998-04-23,Roy Morgan,NA,NA,NA,NA,NA,NA,NA,NA,NA,0.465,0.535,NA
1998-06-24,1998-07-02,Roy Morgan,NA,NA,NA,NA,NA,NA,NA,NA,NA,0.465,0.535,NA
2004-04-24,2004-05-02,Roy Morgan,NA,NA,NA,NA,NA,NA,NA,NA,NA,0.465,0.535,NA
2004-07-31,2004-08-08,Roy Morgan,NA,NA,NA,NA,NA,NA,NA,NA,NA,0.465,0.535,NA
2007-11-23,2007-11-23,Roy Morgan,NA,NA,NA,NA,NA,NA,NA,NA,NA,0.465,0.535,NA
2010-02-10,2010-02-11,Roy Morgan,NA,NA,NA,NA,NA,NA,NA,NA,NA,0.465,0.535,NA
1998-09-12,1998-09-13,Roy Morgan,NA,NA,NA,NA,NA,NA,NA,NA,NA,0.45,0.55,NA
2000-11-25,2000-12-03,Roy Morgan,NA,NA,NA,NA,NA,NA,NA,NA,NA,0.45,0.55,NA
2001-07-07,2001-07-15,Roy Morgan,NA,NA,NA,NA,NA,NA,NA,NA,NA,0.45,0.55,NA
2001-09-08,2001-09-09,Roy Morgan,NA,NA,NA,NA,NA,NA,NA,NA,NA,0.45,0.55,NA
2004-01-17,2004-01-25,Roy Morgan,NA,NA,NA,NA,NA,NA,NA,NA,NA,0.45,0.55,NA
2004-03-27,2004-04-04,Roy Morgan,NA,NA,NA,NA,NA,NA,NA,NA,NA,0.45,0.55,NA
2004-05-22,2004-05-30,Roy Morgan,NA,NA,NA,NA,NA,NA,NA,NA,NA,0.45,0.55,NA
2007-07-07,2007-07-15,Roy Morgan,NA,NA,NA,NA,NA,NA,NA,NA,NA,0.45,0.55,NA
2007-07-21,2007-07-29,Roy Morgan,NA,NA,NA,NA,NA,NA,NA,NA,NA,0.45,0.55,NA
2010-06-26,2010-07-04,Roy Morgan,NA,NA,NA,NA,NA,NA,NA,NA,NA,0.45,0.55,NA
2015-08-29,2015-09-06,Roy Morgan,NA,NA,NA,NA,NA,NA,NA,NA,NA,0.45,0.55,NA
2012-11-24,2012-12-02,Roy Morgan,NA,NA,NA,NA,NA,NA,NA,NA,NA,0.525,0.475,NA
2001-06-23,2001-07-01,Roy Morgan,NA,NA,NA,NA,NA,NA,NA,NA,NA,0.435,0.565,NA
2001-07-21,2001-07-29,Roy Morgan,NA,NA,NA,NA,NA,NA,NA,NA,NA,0.435,0.565,NA
2004-01-31,2004-02-08,Roy Morgan,NA,NA,NA,NA,NA,NA,NA,NA,NA,0.435,0.565,NA
2007-09-15,2007-09-16,Roy Morgan,NA,NA,NA,NA,NA,NA,NA,NA,NA,0.435,0.565,NA
2007-11-10,2007-11-11,Roy Morgan,NA,NA,NA,NA,NA,NA,NA,NA,NA,0.435,0.565,NA
2007-11-17,2007-11-18,Roy Morgan,NA,NA,NA,NA,NA,NA,NA,NA,NA,0.435,0.565,NA
2009-11-14,2009-11-15,Roy Morgan,NA,NA,NA,NA,NA,NA,NA,NA,NA,0.435,0.565,NA
2010-01-23,2010-01-31,Roy Morgan,NA,NA,NA,NA,NA,NA,NA,NA,NA,0.435,0.565,NA
2010-02-20,2010-02-21,Roy Morgan,NA,NA,NA,NA,NA,NA,NA,NA,NA,0.435,0.565,NA
2010-03-13,2010-03-21,Roy Morgan,NA,NA,NA,NA,NA,NA,NA,NA,NA,0.435,0.565,NA
1998-08-01,1998-08-09,Roy Morgan,NA,NA,NA,NA,NA,NA,NA,NA,NA,0.42,0.58,NA
2007-06-02,2007-06-03,Roy Morgan,NA,NA,NA,NA,NA,NA,NA,NA,NA,0.42,0.58,NA
2009-10-07,2009-10-08,Roy Morgan,NA,NA,NA,NA,NA,NA,NA,NA,NA,0.42,0.58,NA
2010-03-27,2010-04-04,Roy Morgan,NA,NA,NA,NA,NA,NA,NA,NA,NA,0.42,0.58,NA
2001-03-31,2001-04-08,Roy Morgan,NA,NA,NA,NA,NA,NA,NA,NA,NA,0.405,0.595,NA
2001-04-14,2001-04-22,Roy Morgan,NA,NA,NA,NA,NA,NA,NA,NA,NA,0.405,0.595,NA
2001-04-28,2001-05-06,Roy Morgan,NA,NA,NA,NA,NA,NA,NA,NA,NA,0.405,0.595,NA
2007-04-07,2007-04-15,Roy Morgan,NA,NA,NA,NA,NA,NA,NA,NA,NA,0.405,0.595,NA
2007-05-12,2007-05-13,Roy Morgan,NA,NA,NA,NA,NA,NA,NA,NA,NA,0.405,0.595,NA
2009-09-19,2009-09-27,Roy Morgan,NA,NA,NA,NA,NA,NA,NA,NA,NA,0.405,0.595,NA
2015-09-26,2015-10-05,Roy Morgan,NA,NA,NA,NA,NA,NA,NA,NA,NA,0.56,0.44,NA
2015-10-10,2015-10-18,Roy Morgan,NA,NA,NA,NA,NA,NA,NA,NA,NA,0.56,0.44,NA
2015-11-07,2015-11-15,Roy Morgan,NA,NA,NA,NA,NA,NA,NA,NA,NA,0.56,0.44,NA
2015-11-21,2015-11-29,Roy Morgan,NA,NA,NA,NA,NA,NA,NA,NA,NA,0.56,0.44,NA
2001-05-12,2001-05-20,Roy Morgan,NA,NA,NA,NA,NA,NA,NA,NA,NA,0.39,0.61,NA
2007-03-10,2007-03-11,Roy Morgan,NA,NA,NA,NA,NA,NA,NA,NA,NA,0.39,0.61,NA
2007-04-21,2007-04-29,Roy Morgan,NA,NA,NA,NA,NA,NA,NA,NA,NA,0.39,0.61,NA
2007-09-29,2007-09-30,Roy Morgan,NA,NA,NA,NA,NA,NA,NA,NA,NA,0.39,0.61,NA
2009-08-22,2009-08-30,Roy Morgan,NA,NA,NA,NA,NA,NA,NA,NA,NA,0.39,0.61,NA
2009-10-31,2009-11-01,Roy Morgan,NA,NA,NA,NA,NA,NA,NA,NA,NA,0.39,0.61,NA
1998-04-15,1998-04-16,Roy Morgan,NA,NA,NA,NA,NA,NA,NA,NA,NA,0.53,0.47,NA
2010-08-21,2010-08-21,Roy Morgan,NA,NA,NA,NA,NA,NA,NA,NA,NA,0.4875,0.5125,NA
2013-02-09,2013-02-10,Roy Morgan,NA,NA,NA,NA,NA,NA,NA,NA,NA,0.5525,0.4475,NA
2013-02-28,2013-03-03,Roy Morgan,NA,NA,NA,NA,NA,NA,NA,NA,NA,0.5425,0.4575,NA
2013-03-14,2013-03-17,Roy Morgan,NA,NA,NA,NA,NA,NA,NA,NA,NA,0.5425,0.4575,NA
2013-04-04,2013-04-07,Roy Morgan,NA,NA,NA,NA,NA,NA,NA,NA,NA,0.5625,0.4375,NA
2013-04-11,2013-04-14,Roy Morgan,NA,NA,NA,NA,NA,NA,NA,NA,NA,0.5575,0.4425,NA
2013-04-26,2013-04-28,Roy Morgan,NA,NA,NA,NA,NA,NA,NA,NA,NA,0.5725,0.4275,NA
2013-05-31,2013-06-02,Roy Morgan,NA,NA,NA,NA,NA,NA,NA,NA,NA,0.5525,0.4475,NA
2013-06-28,2013-06-30,Roy Morgan,NA,NA,NA,NA,NA,NA,NA,NA,NA,0.4875,0.5125,NA
2013-07-19,2013-07-21,Roy Morgan,NA,NA,NA,NA,NA,NA,NA,NA,NA,0.4775,0.5225,NA
2013-07-26,2013-07-28,Roy Morgan,NA,NA,NA,NA,NA,NA,NA,NA,NA,0.4875,0.5125,NA
2013-08-02,2013-08-04,Roy Morgan,NA,NA,NA,NA,NA,NA,NA,NA,NA,0.5025,0.4975,NA
2013-08-09,2013-08-11,Roy Morgan,NA,NA,NA,NA,NA,NA,NA,NA,NA,0.5075,0.4925,NA
2013-03-07,2013-03-10,Roy Morgan,NA,NA,NA,NA,NA,NA,NA,NA,NA,0.565,0.435,NA
2013-03-21,2013-03-24,Roy Morgan,NA,NA,NA,NA,NA,NA,NA,NA,NA,0.565,0.435,NA
2013-08-28,2013-08-29,Roy Morgan,NA,NA,NA,NA,NA,NA,NA,NA,NA,0.535,0.465,NA
2013-02-16,2013-02-24,Roy Morgan,NA,NA,NA,NA,NA,NA,NA,NA,NA,0.54,0.46,NA
2013-06-14,2013-06-16,Roy Morgan,NA,NA,NA,NA,NA,NA,NA,NA,NA,0.54,0.46,NA
2013-05-02,2013-05-02,ReachTEL,NA,NA,NA,NA,NA,NA,NA,NA,NA,0.575,0.425,NA
2013-01-05,2013-01-13,Roy Morgan,NA,NA,NA,NA,NA,NA,NA,NA,NA,0.515,0.485,NA
2013-08-16,2013-08-18,Roy Morgan,NA,NA,NA,NA,NA,NA,NA,NA,NA,0.515,0.485,NA
2013-08-23,2013-08-25,Roy Morgan,NA,NA,NA,NA,NA,NA,NA,NA,NA,0.52,0.48,NA
2013-08-30,2013-09-01,Roy Morgan,NA,NA,NA,NA,NA,NA,NA,NA,NA,0.52,0.48,NA
2013-07-12,2013-07-14,Roy Morgan,NA,NA,NA,NA,NA,NA,NA,NA,NA,0.48,0.52,NA
2013-07-05,2013-07-07,Roy Morgan,NA,NA,NA,NA,NA,NA,NA,NA,NA,0.465,0.535,NA
2013-06-21,2013-06-23,Roy Morgan,NA,NA,NA,NA,NA,NA,NA,NA,NA,0.56,0.44,NA
1993-03-13,1993-03-13,Newspoll,NA,NA,NA,NA,NA,NA,NA,NA,NA,0.486,0.514,NA
1996-03-02,1996-03-02,Newspoll,NA,NA,NA,NA,NA,NA,NA,NA,NA,0.537,0.463,NA
2001-10-12,2001-10-14,Newspoll,NA,NA,NA,NA,NA,NA,NA,NA,NA,0.555,0.445,NA
2004-10-09,2004-10-09,Newspoll,NA,NA,NA,NA,NA,NA,NA,NA,NA,0.528,0.472,NA
2007-11-24,2007-11-24,Newspoll,NA,NA,NA,NA,NA,NA,NA,NA,NA,0.473,0.527,NA
2010-08-17,2010-08-19,Newspoll,NA,NA,NA,NA,NA,NA,NA,NA,NA,0.498,0.502,NA
2010-08-21,2010-08-21,Newspoll,NA,NA,NA,NA,NA,NA,NA,NA,NA,0.499,0.501,NA
1993-03-05,1993-03-07,Newspoll,NA,NA,NA,NA,NA,NA,NA,NA,NA,0.5,0.5,NA
2003-11-14,2003-11-16,Newspoll,NA,NA,NA,NA,NA,NA,NA,NA,NA,0.5,0.5,NA
2004-01-16,2004-01-18,Newspoll,NA,NA,NA,NA,NA,NA,NA,NA,NA,0.5,0.5,NA
2004-02-20,2004-02-22,Newspoll,NA,NA,NA,NA,NA,NA,NA,NA,NA,0.5,0.5,NA
2004-07-30,2004-08-01,Newspoll,NA,NA,NA,NA,NA,NA,NA,NA,NA,0.5,0.5,NA
2004-09-03,2004-09-05,Newspoll,NA,NA,NA,NA,NA,NA,NA,NA,NA,0.5,0.5,NA
2004-09-10,2004-09-12,Newspoll,NA,NA,NA,NA,NA,NA,NA,NA,NA,0.5,0.5,NA
2004-10-06,2004-10-07,Newspoll,NA,NA,NA,NA,NA,NA,NA,NA,NA,0.5,0.5,NA
2010-05-14,2010-05-16,Newspoll,NA,NA,NA,NA,NA,NA,NA,NA,NA,0.5,0.5,NA
2010-07-30,2010-08-01,Newspoll,NA,NA,NA,NA,NA,NA,NA,NA,NA,0.5,0.5,NA
2012-09-14,2012-09-16,Newspoll,NA,NA,NA,NA,NA,NA,NA,NA,NA,0.5,0.5,NA
2012-10-26,2012-10-28,Newspoll,NA,NA,NA,NA,NA,NA,NA,NA,NA,0.5,0.5,NA
1998-09-04,1998-09-06,Newspoll,NA,NA,NA,NA,NA,NA,NA,NA,NA,0.485,0.515,NA
1998-09-11,1998-09-13,Newspoll,NA,NA,NA,NA,NA,NA,NA,NA,NA,0.47,0.53,NA
1998-09-30,1998-10-01,Newspoll,NA,NA,NA,NA,NA,NA,NA,NA,NA,0.47,0.53,NA
2004-02-06,2004-02-08,Newspoll,NA,NA,NA,NA,NA,NA,NA,NA,NA,0.47,0.53,NA
2004-04-02,2004-04-04,Newspoll,NA,NA,NA,NA,NA,NA,NA,NA,NA,0.47,0.53,NA
2004-04-16,2004-04-18,Newspoll,NA,NA,NA,NA,NA,NA,NA,NA,NA,0.47,0.53,NA
2007-11-02,2007-11-04,Newspoll,NA,NA,NA,NA,NA,NA,NA,NA,NA,0.47,0.53,NA
2010-02-12,2010-02-14,Newspoll,NA,NA,NA,NA,NA,NA,NA,NA,NA,0.47,0.53,NA
2010-06-25,2010-06-27,Newspoll,NA,NA,NA,NA,NA,NA,NA,NA,NA,0.47,0.53,NA
2001-10-05,2001-10-07,Newspoll,NA,NA,NA,NA,NA,NA,NA,NA,NA,0.565,0.435,NA
1993-02-12,1993-02-14,Newspoll,NA,NA,NA,NA,NA,NA,NA,NA,NA,0.535,0.465,NA
1996-02-28,1996-02-29,Newspoll,NA,NA,NA,NA,NA,NA,NA,NA,NA,0.535,0.465,NA
2013-09-07,2013-09-07,Newspoll,NA,NA,NA,NA,NA,NA,NA,NA,NA,0.535,0.465,NA
2007-02-02,2007-02-04,Newspoll,NA,NA,NA,NA,NA,NA,NA,NA,NA,0.44,0.56,NA
2007-06-15,2007-06-17,Newspoll,NA,NA,NA,NA,NA,NA,NA,NA,NA,0.44,0.56,NA
2007-07-06,2007-07-08,Newspoll,NA,NA,NA,NA,NA,NA,NA,NA,NA,0.44,0.56,NA
2007-08-03,2007-08-05,Newspoll,NA,NA,NA,NA,NA,NA,NA,NA,NA,0.44,0.56,NA
2007-09-28,2007-09-30,Newspoll,NA,NA,NA,NA,NA,NA,NA,NA,NA,0.44,0.56,NA
2007-10-12,2007-10-14,Newspoll,NA,NA,NA,NA,NA,NA,NA,NA,NA,0.44,0.56,NA
2009-11-13,2009-11-15,Newspoll,NA,NA,NA,NA,NA,NA,NA,NA,NA,0.44,0.56,NA
2009-12-04,2009-12-06,Newspoll,NA,NA,NA,NA,NA,NA,NA,NA,NA,0.44,0.56,NA
2010-03-26,2010-03-28,Newspoll,NA,NA,NA,NA,NA,NA,NA,NA,NA,0.44,0.56,NA
1993-02-26,1993-02-28,Newspoll,NA,NA,NA,NA,NA,NA,NA,NA,NA,0.505,0.495,NA
1993-03-10,1993-03-11,Newspoll,NA,NA,NA,NA,NA,NA,NA,NA,NA,0.505,0.495,NA
2004-10-01,2004-10-03,Newspoll,NA,NA,NA,NA,NA,NA,NA,NA,NA,0.505,0.495,NA
2007-04-13,2007-04-15,Newspoll,NA,NA,NA,NA,NA,NA,NA,NA,NA,0.41,0.59,NA
2007-05-11,2007-05-13,Newspoll,NA,NA,NA,NA,NA,NA,NA,NA,NA,0.41,0.59,NA
2007-08-31,2007-09-02,Newspoll,NA,NA,NA,NA,NA,NA,NA,NA,NA,0.41,0.59,NA
2009-10-16,2009-10-18,Newspoll,NA,NA,NA,NA,NA,NA,NA,NA,NA,0.41,0.59,NA
1996-01-19,1996-01-21,Newspoll,NA,NA,NA,NA,NA,NA,NA,NA,NA,0.54,0.46,NA
1996-02-02,1996-02-04,Newspoll,NA,NA,NA,NA,NA,NA,NA,NA,NA,0.54,0.46,NA
1996-02-09,1996-02-11,Newspoll,NA,NA,NA,NA,NA,NA,NA,NA,NA,0.54,0.46,NA
1996-02-23,1996-02-25,Newspoll,NA,NA,NA,NA,NA,NA,NA,NA,NA,0.54,0.46,NA
2001-10-26,2001-10-28,Newspoll,NA,NA,NA,NA,NA,NA,NA,NA,NA,0.54,0.46,NA
2003-10-31,2003-11-02,Newspoll,NA,NA,NA,NA,NA,NA,NA,NA,NA,0.54,0.46,NA
2012-10-05,2012-10-07,Newspoll,NA,NA,NA,NA,NA,NA,NA,NA,NA,0.54,0.46,NA
2012-12-07,2012-12-09,Newspoll,NA,NA,NA,NA,NA,NA,NA,NA,NA,0.54,0.46,NA
2001-11-02,2001-11-04,Newspoll,NA,NA,NA,NA,NA,NA,NA,NA,NA,0.51,0.49,NA
2001-11-10,2001-11-10,Newspoll,NA,NA,NA,NA,NA,NA,NA,NA,NA,0.51,0.49,NA
2003-12-05,2003-12-07,Newspoll,NA,NA,NA,NA,NA,NA,NA,NA,NA,0.51,0.49,NA
2003-12-12,2003-12-14,Newspoll,NA,NA,NA,NA,NA,NA,NA,NA,NA,0.51,0.49,NA
2010-04-30,2010-05-02,Newspoll,NA,NA,NA,NA,NA,NA,NA,NA,NA,0.51,0.49,NA
2012-11-09,2012-11-11,Newspoll,NA,NA,NA,NA,NA,NA,NA,NA,NA,0.51,0.49,NA
2012-11-23,2012-11-25,Newspoll,NA,NA,NA,NA,NA,NA,NA,NA,NA,0.51,0.49,NA
1998-09-25,1998-09-27,Newspoll,NA,NA,NA,NA,NA,NA,NA,NA,NA,0.49,0.51,NA
1998-10-03,1998-10-03,Newspoll,NA,NA,NA,NA,NA,NA,NA,NA,NA,0.49,0.51,NA
2003-10-17,2003-10-19,Newspoll,NA,NA,NA,NA,NA,NA,NA,NA,NA,0.49,0.51,NA
2004-07-02,2004-07-04,Newspoll,NA,NA,NA,NA,NA,NA,NA,NA,NA,0.49,0.51,NA
2004-07-16,2004-07-18,Newspoll,NA,NA,NA,NA,NA,NA,NA,NA,NA,0.49,0.51,NA
2006-11-24,2006-11-26,Newspoll,NA,NA,NA,NA,NA,NA,NA,NA,NA,0.49,0.51,NA
2010-05-28,2010-05-30,Newspoll,NA,NA,NA,NA,NA,NA,NA,NA,NA,0.49,0.51,NA
2004-09-17,2004-09-19,Newspoll,NA,NA,NA,NA,NA,NA,NA,NA,NA,0.475,0.525,NA
2004-05-14,2004-05-16,Newspoll,NA,NA,NA,NA,NA,NA,NA,NA,NA,0.46,0.54,NA
2004-08-13,2004-08-15,Newspoll,NA,NA,NA,NA,NA,NA,NA,NA,NA,0.46,0.54,NA
2007-02-16,2007-02-18,Newspoll,NA,NA,NA,NA,NA,NA,NA,NA,NA,0.46,0.54,NA
2007-10-26,2007-10-28,Newspoll,NA,NA,NA,NA,NA,NA,NA,NA,NA,0.46,0.54,NA
2007-11-16,2007-11-18,Newspoll,NA,NA,NA,NA,NA,NA,NA,NA,NA,0.46,0.54,NA
2010-01-15,2010-01-17,Newspoll,NA,NA,NA,NA,NA,NA,NA,NA,NA,0.46,0.54,NA
2010-04-16,2010-04-18,Newspoll,NA,NA,NA,NA,NA,NA,NA,NA,NA,0.46,0.54,NA
2007-03-02,2007-03-04,Newspoll,NA,NA,NA,NA,NA,NA,NA,NA,NA,0.43,0.57,NA
2007-03-30,2007-04-01,Newspoll,NA,NA,NA,NA,NA,NA,NA,NA,NA,0.43,0.57,NA
2007-04-27,2007-04-29,Newspoll,NA,NA,NA,NA,NA,NA,NA,NA,NA,0.43,0.57,NA
2007-05-18,2007-05-20,Newspoll,NA,NA,NA,NA,NA,NA,NA,NA,NA,0.43,0.57,NA
2009-11-27,2009-11-29,Newspoll,NA,NA,NA,NA,NA,NA,NA,NA,NA,0.43,0.57,NA
2007-05-25,2007-05-27,Newspoll,NA,NA,NA,NA,NA,NA,NA,NA,NA,0.4,0.6,NA
2001-10-19,2001-10-21,Newspoll,NA,NA,NA,NA,NA,NA,NA,NA,NA,0.52,0.48,NA
1998-09-18,1998-09-20,Newspoll,NA,NA,NA,NA,NA,NA,NA,NA,NA,0.48,0.52,NA
2004-04-30,2004-05-02,Newspoll,NA,NA,NA,NA,NA,NA,NA,NA,NA,0.48,0.52,NA
2004-06-18,2004-06-20,Newspoll,NA,NA,NA,NA,NA,NA,NA,NA,NA,0.48,0.52,NA
2004-08-27,2004-08-29,Newspoll,NA,NA,NA,NA,NA,NA,NA,NA,NA,0.48,0.52,NA
2004-09-24,2004-09-26,Newspoll,NA,NA,NA,NA,NA,NA,NA,NA,NA,0.48,0.52,NA
2007-11-20,2007-11-22,Newspoll,NA,NA,NA,NA,NA,NA,NA,NA,NA,0.48,0.52,NA
2009-10-30,2009-11-01,Newspoll,NA,NA,NA,NA,NA,NA,NA,NA,NA,0.48,0.52,NA
2010-01-29,2010-01-31,Newspoll,NA,NA,NA,NA,NA,NA,NA,NA,NA,0.48,0.52,NA
2010-02-26,2010-02-28,Newspoll,NA,NA,NA,NA,NA,NA,NA,NA,NA,0.48,0.52,NA
2010-03-12,2010-03-14,Newspoll,NA,NA,NA,NA,NA,NA,NA,NA,NA,0.48,0.52,NA
2010-06-18,2010-06-20,Newspoll,NA,NA,NA,NA,NA,NA,NA,NA,NA,0.48,0.52,NA
2010-07-23,2010-07-25,Newspoll,NA,NA,NA,NA,NA,NA,NA,NA,NA,0.48,0.52,NA
2010-08-06,2010-08-08,Newspoll,NA,NA,NA,NA,NA,NA,NA,NA,NA,0.48,0.52,NA
2010-08-13,2010-08-15,Newspoll,NA,NA,NA,NA,NA,NA,NA,NA,NA,0.48,0.52,NA
2004-03-05,2004-03-07,Newspoll,NA,NA,NA,NA,NA,NA,NA,NA,NA,0.45,0.55,NA
2004-03-19,2004-03-21,Newspoll,NA,NA,NA,NA,NA,NA,NA,NA,NA,0.45,0.55,NA
2006-12-08,2006-12-10,Newspoll,NA,NA,NA,NA,NA,NA,NA,NA,NA,0.45,0.55,NA
2007-01-19,2007-01-21,Newspoll,NA,NA,NA,NA,NA,NA,NA,NA,NA,0.45,0.55,NA
2007-05-21,2007-05-24,Newspoll,NA,NA,NA,NA,NA,NA,NA,NA,NA,0.45,0.55,NA
2007-07-20,2007-07-22,Newspoll,NA,NA,NA,NA,NA,NA,NA,NA,NA,0.45,0.55,NA
2007-08-17,2007-08-19,Newspoll,NA,NA,NA,NA,NA,NA,NA,NA,NA,0.45,0.55,NA
2007-09-14,2007-09-16,Newspoll,NA,NA,NA,NA,NA,NA,NA,NA,NA,0.45,0.55,NA
2007-11-09,2007-11-11,Newspoll,NA,NA,NA,NA,NA,NA,NA,NA,NA,0.45,0.55,NA
2009-08-21,2009-08-23,Newspoll,NA,NA,NA,NA,NA,NA,NA,NA,NA,0.45,0.55,NA
2009-09-04,2009-09-06,Newspoll,NA,NA,NA,NA,NA,NA,NA,NA,NA,0.45,0.55,NA
2009-09-18,2009-09-20,Newspoll,NA,NA,NA,NA,NA,NA,NA,NA,NA,0.45,0.55,NA
2010-07-16,2010-07-18,Newspoll,NA,NA,NA,NA,NA,NA,NA,NA,NA,0.45,0.55,NA
1993-02-19,1993-02-21,Newspoll,NA,NA,NA,NA,NA,NA,NA,NA,NA,0.525,0.475,NA
1996-02-16,1996-02-18,Newspoll,NA,NA,NA,NA,NA,NA,NA,NA,NA,0.525,0.475,NA
2007-10-19,2007-10-21,Newspoll,NA,NA,NA,NA,NA,NA,NA,NA,NA,0.42,0.58,NA
2009-09-28,2009-10-01,Newspoll,NA,NA,NA,NA,NA,NA,NA,NA,NA,0.42,0.58,NA
2009-10-09,2009-10-11,Newspoll,NA,NA,NA,NA,NA,NA,NA,NA,NA,0.42,0.58,NA
2007-03-16,2007-03-18,Newspoll,NA,NA,NA,NA,NA,NA,NA,NA,NA,0.39,0.61,NA
2001-11-07,2001-11-08,Newspoll,NA,NA,NA,NA,NA,NA,NA,NA,NA,0.53,0.47,NA
2003-11-28,2003-11-30,Newspoll,NA,NA,NA,NA,NA,NA,NA,NA,NA,0.53,0.47,NA
2004-05-28,2004-05-30,Newspoll,NA,NA,NA,NA,NA,NA,NA,NA,NA,0.53,0.47,NA
2013-03-22,2013-03-24,Newspoll,NA,NA,NA,NA,NA,NA,NA,NA,NA,0.58,0.42,NA
2013-05-24,2013-05-26,Roy Morgan,NA,NA,NA,NA,NA,NA,NA,NA,NA,0.545,0.455,NA
2013-05-31,2013-06-02,Newspoll,NA,NA,NA,NA,NA,NA,NA,NA,NA,0.58,0.42,NA
2013-07-05,2013-07-07,Newspoll,NA,NA,NA,NA,NA,NA,NA,NA,NA,0.5,0.5,NA
2013-07-11,2013-07-13,Nielsen,NA,NA,NA,NA,NA,NA,NA,NA,NA,0.5,0.5,NA
2013-07-23,2013-07-25,Galaxy,NA,NA,NA,NA,NA,NA,NA,NA,NA,0.5,0.5,NA
2013-08-16,2013-08-18,AMR,NA,NA,NA,NA,NA,NA,NA,NA,NA,0.5,0.5,NA
2013-08-14,2013-08-18,Essential,NA,NA,NA,NA,NA,NA,NA,NA,NA,0.5,0.5,NA
2013-08-21,2013-08-25,Essential,NA,NA,NA,NA,NA,NA,NA,NA,NA,0.5,0.5,NA
2013-01-19,2013-01-27,Roy Morgan,NA,NA,NA,NA,NA,NA,NA,NA,NA,0.505,0.495,NA
2013-04-11,2013-04-13,Nielsen,NA,NA,NA,NA,NA,NA,NA,NA,NA,0.57,0.43,NA
2013-06-13,2013-06-15,Nielsen,NA,NA,NA,NA,NA,NA,NA,NA,NA,0.57,0.43,NA
2013-06-21,2013-06-23,Newspoll,NA,NA,NA,NA,NA,NA,NA,NA,NA,0.57,0.43,NA
2013-08-12,2013-08-13,Roy Morgan,NA,NA,NA,NA,NA,NA,NA,NA,NA,0.57,0.43,NA
2013-01-09,2013-01-13,Essential,NA,NA,NA,NA,NA,NA,NA,NA,NA,0.54,0.46,NA
2013-01-16,2013-01-20,Essential,NA,NA,NA,NA,NA,NA,NA,NA,NA,0.54,0.46,NA
2013-01-23,2013-01-28,Essential,NA,NA,NA,NA,NA,NA,NA,NA,NA,0.54,0.46,NA
2013-02-01,2013-02-03,Galaxy,NA,NA,NA,NA,NA,NA,NA,NA,NA,0.54,0.46,NA
2013-02-01,2013-02-04,Essential,NA,NA,NA,NA,NA,NA,NA,NA,NA,0.54,0.46,NA
2013-02-14,2013-02-17,Essential,NA,NA,NA,NA,NA,NA,NA,NA,NA,0.54,0.46,NA
2013-03-14,2013-03-17,Essential,NA,NA,NA,NA,NA,NA,NA,NA,NA,0.54,0.46,NA
2013-03-21,2013-03-24,Essential,NA,NA,NA,NA,NA,NA,NA,NA,NA,0.54,0.46,NA
2013-04-09,2013-04-11,Galaxy,NA,NA,NA,NA,NA,NA,NA,NA,NA,0.54,0.46,NA
2013-04-18,2013-04-22,Roy Morgan,NA,NA,NA,NA,NA,NA,NA,NA,NA,0.54,0.46,NA
2013-05-15,2013-05-16,Galaxy,NA,NA,NA,NA,NA,NA,NA,NA,NA,0.54,0.46,NA
2013-05-16,2013-05-18,Nielsen,NA,NA,NA,NA,NA,NA,NA,NA,NA,0.54,0.46,NA
2013-06-06,2013-06-10,Essential,NA,NA,NA,NA,NA,NA,NA,NA,NA,0.54,0.46,NA
2013-06-13,2013-06-16,Essential,NA,NA,NA,NA,NA,NA,NA,NA,NA,0.54,0.46,NA
2013-08-16,2013-08-18,Newspoll,NA,NA,NA,NA,NA,NA,NA,NA,NA,0.54,0.46,NA
2013-08-30,2013-09-01,Newspoll,NA,NA,NA,NA,NA,NA,NA,NA,NA,0.54,0.46,NA
2013-09-04,2013-09-05,Nielsen,NA,NA,NA,NA,NA,NA,NA,NA,NA,0.54,0.46,NA
2013-09-03,2013-09-05,Newspoll,NA,NA,NA,NA,NA,NA,NA,NA,NA,0.54,0.46,NA
2013-01-11,2013-01-13,Newspoll,NA,NA,NA,NA,NA,NA,NA,NA,NA,0.51,0.49,NA
2013-06-27,2013-06-28,Galaxy,NA,NA,NA,NA,NA,NA,NA,NA,NA,0.51,0.49,NA
2013-06-28,2013-06-30,Newspoll,NA,NA,NA,NA,NA,NA,NA,NA,NA,0.51,0.49,NA
2013-07-18,2013-07-18,ReachTEL,NA,NA,NA,NA,NA,NA,NA,NA,NA,0.51,0.49,NA
2013-07-18,2013-07-22,Essential,NA,NA,NA,NA,NA,NA,NA,NA,NA,0.51,0.49,NA
2013-07-25,2013-07-28,Essential,NA,NA,NA,NA,NA,NA,NA,NA,NA,0.51,0.49,NA
2013-08-01,2013-08-04,Essential,NA,NA,NA,NA,NA,NA,NA,NA,NA,0.51,0.49,NA
2013-08-07,2013-08-09,Galaxy,NA,NA,NA,NA,NA,NA,NA,NA,NA,0.51,0.49,NA
2013-08-09,2013-08-12,Essential,NA,NA,NA,NA,NA,NA,NA,NA,NA,0.51,0.49,NA
2013-07-05,2013-07-08,AMR,NA,NA,NA,NA,NA,NA,NA,NA,NA,0.49,0.51,NA
2013-03-29,2013-04-01,Roy Morgan,NA,NA,NA,NA,NA,NA,NA,NA,NA,0.575,0.425,NA
2013-02-02,2013-02-03,Roy Morgan,NA,NA,NA,NA,NA,NA,NA,NA,NA,0.515,0.485,NA
2013-02-07,2013-02-10,Essential,NA,NA,NA,NA,NA,NA,NA,NA,NA,0.55,0.45,NA
2013-02-22,2013-02-24,Newspoll,NA,NA,NA,NA,NA,NA,NA,NA,NA,0.55,0.45,NA
2013-03-05,2013-03-07,Galaxy,NA,NA,NA,NA,NA,NA,NA,NA,NA,0.55,0.45,NA
2013-03-07,2013-03-10,Essential,NA,NA,NA,NA,NA,NA,NA,NA,NA,0.55,0.45,NA
2013-03-22,2013-03-23,Galaxy,NA,NA,NA,NA,NA,NA,NA,NA,NA,0.55,0.45,NA
2013-04-05,2013-04-07,Newspoll,NA,NA,NA,NA,NA,NA,NA,NA,NA,0.55,0.45,NA
2013-04-11,2013-04-14,Essential,NA,NA,NA,NA,NA,NA,NA,NA,NA,0.55,0.45,NA
2013-04-19,2013-04-21,Newspoll,NA,NA,NA,NA,NA,NA,NA,NA,NA,0.55,0.45,NA
2013-04-18,2013-04-22,Essential,NA,NA,NA,NA,NA,NA,NA,NA,NA,0.55,0.45,NA
2013-04-25,2013-04-28,Essential,NA,NA,NA,NA,NA,NA,NA,NA,NA,0.55,0.45,NA
2013-05-09,2013-05-12,Essential,NA,NA,NA,NA,NA,NA,NA,NA,NA,0.55,0.45,NA
2013-05-17,2013-05-19,Roy Morgan,NA,NA,NA,NA,NA,NA,NA,NA,NA,0.55,0.45,NA
2013-05-16,2013-05-19,Essential,NA,NA,NA,NA,NA,NA,NA,NA,NA,0.55,0.45,NA
2013-05-23,2013-05-26,Essential,NA,NA,NA,NA,NA,NA,NA,NA,NA,0.55,0.45,NA
2013-05-30,2013-06-02,Essential,NA,NA,NA,NA,NA,NA,NA,NA,NA,0.55,0.45,NA
2013-06-11,2013-06-13,Galaxy,NA,NA,NA,NA,NA,NA,NA,NA,NA,0.55,0.45,NA
2013-06-20,2013-06-23,Essential,NA,NA,NA,NA,NA,NA,NA,NA,NA,0.55,0.45,NA
2013-03-08,2013-03-10,Newspoll,NA,NA,NA,NA,NA,NA,NA,NA,NA,0.52,0.48,NA
2013-06-27,2013-06-27,ReachTEL,NA,NA,NA,NA,NA,NA,NA,NA,NA,0.52,0.48,NA
2013-07-04,2013-07-07,Essential,NA,NA,NA,NA,NA,NA,NA,NA,NA,0.52,0.48,NA
2013-07-11,2013-07-14,Essential,NA,NA,NA,NA,NA,NA,NA,NA,NA,0.52,0.48,NA
2013-07-19,2013-07-21,Newspoll,NA,NA,NA,NA,NA,NA,NA,NA,NA,0.52,0.48,NA
2013-08-02,2013-08-04,Newspoll,NA,NA,NA,NA,NA,NA,NA,NA,NA,0.52,0.48,NA
2013-08-04,2013-08-04,ReachTEL,NA,NA,NA,NA,NA,NA,NA,NA,NA,0.52,0.48,NA
2013-08-06,2013-08-08,Nielsen,NA,NA,NA,NA,NA,NA,NA,NA,NA,0.52,0.48,NA
2013-08-09,2013-08-11,Newspoll,NA,NA,NA,NA,NA,NA,NA,NA,NA,0.52,0.48,NA
2013-08-14,2013-08-15,Galaxy,NA,NA,NA,NA,NA,NA,NA,NA,NA,0.52,0.48,NA
2013-08-29,2013-09-01,Essential,NA,NA,NA,NA,NA,NA,NA,NA,NA,0.52,0.48,NA
2013-09-03,2013-09-03,ReachTEL,NA,NA,NA,NA,NA,NA,NA,NA,NA,0.52,0.48,NA
2013-09-01,2013-09-04,Essential,NA,NA,NA,NA,NA,NA,NA,NA,NA,0.52,0.48,NA
2013-02-01,2013-02-03,Newspoll,NA,NA,NA,NA,NA,NA,NA,NA,NA,0.56,0.44,NA
2013-02-14,2013-02-16,Nielsen,NA,NA,NA,NA,NA,NA,NA,NA,NA,0.56,0.44,NA
2013-02-21,2013-02-24,Essential,NA,NA,NA,NA,NA,NA,NA,NA,NA,0.56,0.44,NA
2013-02-28,2013-03-03,Essential,NA,NA,NA,NA,NA,NA,NA,NA,NA,0.56,0.44,NA
2013-03-14,2013-03-16,Nielsen,NA,NA,NA,NA,NA,NA,NA,NA,NA,0.56,0.44,NA
2013-03-22,2013-03-25,AMR,NA,NA,NA,NA,NA,NA,NA,NA,NA,0.56,0.44,NA
2013-03-28,2013-04-01,Essential,NA,NA,NA,NA,NA,NA,NA,NA,NA,0.56,0.44,NA
2013-04-04,2013-04-07,Essential,NA,NA,NA,NA,NA,NA,NA,NA,NA,0.56,0.44,NA
2013-05-02,2013-05-05,Essential,NA,NA,NA,NA,NA,NA,NA,NA,NA,0.56,0.44,NA
2013-05-03,2013-05-05,Roy Morgan,NA,NA,NA,NA,NA,NA,NA,NA,NA,0.56,0.44,NA
2013-05-03,2013-05-05,Newspoll,NA,NA,NA,NA,NA,NA,NA,NA,NA,0.56,0.44,NA
2013-05-10,2013-05-12,Roy Morgan,NA,NA,NA,NA,NA,NA,NA,NA,NA,0.56,0.44,NA
2013-05-17,2013-05-19,Newspoll,NA,NA,NA,NA,NA,NA,NA,NA,NA,0.56,0.44,NA
2013-06-07,2013-06-10,Roy Morgan,NA,NA,NA,NA,NA,NA,NA,NA,NA,0.56,0.44,NA
2013-06-27,2013-06-30,Essential,NA,NA,NA,NA,NA,NA,NA,NA,NA,0.53,0.47,NA
2013-08-10,2013-08-10,ReachTEL,NA,NA,NA,NA,NA,NA,NA,NA,NA,0.53,0.47,NA
2013-08-18,2013-08-22,Nielsen,NA,NA,NA,NA,NA,NA,NA,NA,NA,0.53,0.47,NA
2013-08-23,2013-08-25,Newspoll,NA,NA,NA,NA,NA,NA,NA,NA,NA,0.53,0.47,NA
2013-08-26,2013-08-26,ReachTEL,NA,NA,NA,NA,NA,NA,NA,NA,NA,0.53,0.47,NA
2013-08-28,2013-08-29,Galaxy,NA,NA,NA,NA,NA,NA,NA,NA,NA,0.53,0.47,NA
2013-09-04,2013-09-04,ReachTEL,NA,NA,NA,NA,NA,NA,NA,NA,NA,0.53,0.47,NA
2013-09-02,2013-09-04,Galaxy,NA,NA,NA,NA,NA,NA,NA,NA,NA,0.53,0.47,NA
2013-09-05,2013-09-05,ReachTEL,NA,NA,NA,NA,NA,NA,NA,NA,NA,0.53,0.47,NA
2016-02-18,2016-02-21,Newspoll,NA,NA,NA,NA,NA,NA,NA,NA,NA,0.5,0.5,NA
2016-02-24,2016-02-28,Essential,NA,NA,NA,NA,NA,NA,NA,NA,NA,0.5,0.5,NA
2016-03-02,2016-03-06,Essential,NA,NA,NA,NA,NA,NA,NA,NA,NA,0.5,0.5,NA
2016-03-03,2016-03-06,Newspoll,NA,NA,NA,NA,NA,NA,NA,NA,NA,0.5,0.5,NA
2016-03-16,2016-03-20,Essential,NA,NA,NA,NA,NA,NA,NA,NA,NA,0.5,0.5,NA
2016-04-06,2016-04-10,Essential,NA,NA,NA,NA,NA,NA,NA,NA,NA,0.5,0.5,NA
2016-04-14,2016-04-14,ReachTEL,NA,NA,NA,NA,NA,NA,NA,NA,NA,0.5,0.5,NA
2016-04-14,2016-04-16,Ipsos,NA,NA,NA,NA,NA,NA,NA,NA,NA,0.5,0.5,NA
2016-04-09,2016-04-17,Roy Morgan,NA,NA,NA,NA,NA,NA,NA,NA,NA,0.5,0.5,NA
2016-04-13,2016-04-17,Essential,NA,NA,NA,NA,NA,NA,NA,NA,NA,0.5,0.5,NA
2016-05-05,2016-05-05,ReachTEL,NA,NA,NA,NA,NA,NA,NA,NA,NA,0.5,0.5,NA
2016-05-04,2016-05-06,Galaxy,NA,NA,NA,NA,NA,NA,NA,NA,NA,0.5,0.5,NA
2016-05-06,2016-05-08,Lonergan,NA,NA,NA,NA,NA,NA,NA,NA,NA,0.5,0.5,NA
2016-05-19,2016-05-19,ReachTEL,NA,NA,NA,NA,NA,NA,NA,NA,NA,0.5,0.5,NA
2016-06-02,2016-06-02,ReachTEL,NA,NA,NA,NA,NA,NA,NA,NA,NA,0.5,0.5,NA
2016-06-02,2016-06-05,Newspoll,NA,NA,NA,NA,NA,NA,NA,NA,NA,0.5,0.5,NA
2016-06-02,2016-06-05,Essential,NA,NA,NA,NA,NA,NA,NA,NA,NA,0.5,0.5,NA
2016-06-09,2016-06-09,ReachTEL,NA,NA,NA,NA,NA,NA,NA,NA,NA,0.5,0.5,NA
2016-06-16,2016-06-19,Newspoll,NA,NA,NA,NA,NA,NA,NA,NA,NA,0.5,0.5,NA
2016-06-20,2016-06-22,Galaxy,NA,NA,NA,NA,NA,NA,NA,NA,NA,0.5,0.5,NA
2016-06-26,2016-06-29,Ipsos,NA,NA,NA,NA,NA,NA,NA,NA,NA,0.5,0.5,NA
2016-06-27,2016-06-30,Essential,NA,NA,NA,NA,NA,NA,NA,NA,NA,0.505,0.495,NA
2016-06-28,2016-07-01,Newspoll,NA,NA,NA,NA,NA,NA,NA,NA,NA,0.505,0.495,NA
2016-02-11,2016-02-11,ReachTEL,NA,NA,NA,NA,NA,NA,NA,NA,NA,0.54,0.46,NA
2016-01-15,2016-01-18,Essential,NA,NA,NA,NA,NA,NA,NA,NA,NA,0.51,0.49,NA
2016-03-17,2016-03-20,Newspoll,NA,NA,NA,NA,NA,NA,NA,NA,NA,0.51,0.49,NA
2016-05-05,2016-05-07,Ipsos,NA,NA,NA,NA,NA,NA,NA,NA,NA,0.51,0.49,NA
2016-05-17,2016-05-19,Ipsos,NA,NA,NA,NA,NA,NA,NA,NA,NA,0.51,0.49,NA
2016-05-26,2016-05-29,Essential,NA,NA,NA,NA,NA,NA,NA,NA,NA,0.51,0.49,NA
2016-06-16,2016-06-16,ReachTEL,NA,NA,NA,NA,NA,NA,NA,NA,NA,0.51,0.49,NA
2016-06-23,2016-06-23,ReachTEL,NA,NA,NA,NA,NA,NA,NA,NA,NA,0.51,0.49,NA
2016-06-23,2016-06-26,Newspoll,NA,NA,NA,NA,NA,NA,NA,NA,NA,0.51,0.49,NA
2016-06-28,2016-06-29,Galaxy,NA,NA,NA,NA,NA,NA,NA,NA,NA,0.51,0.49,NA
2016-06-30,2016-06-30,ReachTEL,NA,NA,NA,NA,NA,NA,NA,NA,NA,0.51,0.49,NA
2016-03-31,2016-04-03,Newspoll,NA,NA,NA,NA,NA,NA,NA,NA,NA,0.49,0.51,NA
2016-04-14,2016-04-17,Newspoll,NA,NA,NA,NA,NA,NA,NA,NA,NA,0.49,0.51,NA
2016-04-23,2016-05-01,Roy Morgan,NA,NA,NA,NA,NA,NA,NA,NA,NA,0.49,0.51,NA
2016-05-05,2016-05-08,Newspoll,NA,NA,NA,NA,NA,NA,NA,NA,NA,0.49,0.51,NA
2016-05-05,2016-05-08,Essential,NA,NA,NA,NA,NA,NA,NA,NA,NA,0.49,0.51,NA
2016-05-12,2016-05-15,Essential,NA,NA,NA,NA,NA,NA,NA,NA,NA,0.49,0.51,NA
2016-05-19,2016-05-22,Newspoll,NA,NA,NA,NA,NA,NA,NA,NA,NA,0.49,0.51,NA
2016-05-19,2016-05-22,Essential,NA,NA,NA,NA,NA,NA,NA,NA,NA,0.49,0.51,NA
2016-05-21,2016-05-29,Roy Morgan,NA,NA,NA,NA,NA,NA,NA,NA,NA,0.49,0.51,NA
2016-05-31,2016-06-02,Ipsos,NA,NA,NA,NA,NA,NA,NA,NA,NA,0.49,0.51,NA
2016-06-09,2016-06-12,Essential,NA,NA,NA,NA,NA,NA,NA,NA,NA,0.49,0.51,NA
2016-06-14,2016-06-16,Ipsos,NA,NA,NA,NA,NA,NA,NA,NA,NA,0.49,0.51,NA
2016-06-16,2016-06-19,Essential,NA,NA,NA,NA,NA,NA,NA,NA,NA,0.49,0.51,NA
2016-06-23,2016-06-26,Essential,NA,NA,NA,NA,NA,NA,NA,NA,NA,0.49,0.51,NA
2016-05-14,2016-05-15,Roy Morgan,NA,NA,NA,NA,NA,NA,NA,NA,NA,0.475,0.525,NA
2016-01-21,2016-01-21,ReachTEL,NA,NA,NA,NA,NA,NA,NA,NA,NA,0.55,0.45,NA
2016-01-16,2016-01-24,Roy Morgan,NA,NA,NA,NA,NA,NA,NA,NA,NA,0.55,0.45,NA
2016-02-03,2016-02-07,Essential,NA,NA,NA,NA,NA,NA,NA,NA,NA,0.52,0.48,NA
2016-02-11,2016-02-13,Ipsos,NA,NA,NA,NA,NA,NA,NA,NA,NA,0.52,0.48,NA
2016-02-17,2016-02-21,Essential,NA,NA,NA,NA,NA,NA,NA,NA,NA,0.52,0.48,NA
2016-03-21,2016-03-21,ReachTEL,NA,NA,NA,NA,NA,NA,NA,NA,NA,0.52,0.48,NA
2016-03-12,2016-03-20,Roy Morgan,NA,NA,NA,NA,NA,NA,NA,NA,NA,0.495,0.505,NA
2016-04-20,2016-04-24,Essential,NA,NA,NA,NA,NA,NA,NA,NA,NA,0.48,0.52,NA
2016-04-27,2016-05-01,Essential,NA,NA,NA,NA,NA,NA,NA,NA,NA,0.48,0.52,NA
2016-05-26,2016-05-26,ReachTEL,NA,NA,NA,NA,NA,NA,NA,NA,NA,0.48,0.52,NA
2016-01-30,2016-02-07,Roy Morgan,NA,NA,NA,NA,NA,NA,NA,NA,NA,0.525,0.475,NA
2016-02-13,2016-02-21,Roy Morgan,NA,NA,NA,NA,NA,NA,NA,NA,NA,0.525,0.475,NA
2016-03-26,2016-04-03,Roy Morgan,NA,NA,NA,NA,NA,NA,NA,NA,NA,0.525,0.475,NA
2016-01-02,2016-01-10,Roy Morgan,NA,NA,NA,NA,NA,NA,NA,NA,NA,0.56,0.44,NA
2016-01-28,2016-01-31,Newspoll,NA,NA,NA,NA,NA,NA,NA,NA,NA,0.53,0.47,NA
2016-02-27,2016-03-06,Roy Morgan,NA,NA,NA,NA,NA,NA,NA,NA,NA,0.53,0.47,NA
2016-03-10,2016-03-12,Ipsos,NA,NA,NA,NA,NA,NA,NA,NA,NA,0.53,0.47,NA
2016-06-30,2016-07-03,Essential,NA,NA,NA,NA,NA,NA,NA,NA,NA,0.5,0.5,NA
2016-08-25,2016-08-28,Newspoll,NA,NA,NA,NA,NA,NA,NA,NA,NA,0.5,0.5,NA
2016-09-08,2016-09-11,Newspoll,NA,NA,NA,NA,NA,NA,NA,NA,NA,0.5,0.5,NA
2017-07-20,2017-07-24,YouGov,NA,NA,NA,NA,NA,NA,NA,NA,NA,0.5,0.5,NA
2017-08-31,2017-09-04,YouGov,NA,NA,NA,NA,NA,NA,NA,NA,NA,0.5,0.5,NA
2017-09-14,2017-09-18,YouGov,NA,NA,NA,NA,NA,NA,NA,NA,NA,0.5,0.5,NA
2017-12-07,2017-12-10,YouGov,NA,NA,NA,NA,NA,NA,NA,NA,NA,0.5,0.5,NA
2019-05-10,2019-05-14,Essential,NA,NA,NA,NA,NA,NA,NA,NA,NA,0.485,0.515,NA
2019-05-15,2019-05-16,Newspoll,NA,NA,NA,NA,NA,NA,NA,NA,NA,0.485,0.515,NA
2016-10-14,2016-10-17,Essential,NA,NA,NA,NA,NA,NA,NA,NA,NA,0.47,0.53,NA
2016-11-03,2016-11-06,Newspoll,NA,NA,NA,NA,NA,NA,NA,NA,NA,0.47,0.53,NA
2016-11-11,2016-11-14,Essential,NA,NA,NA,NA,NA,NA,NA,NA,NA,0.47,0.53,NA
2016-11-17,2016-11-20,Newspoll,NA,NA,NA,NA,NA,NA,NA,NA,NA,0.47,0.53,NA
2016-12-09,2016-12-12,Essential,NA,NA,NA,NA,NA,NA,NA,NA,NA,0.47,0.53,NA
2017-01-13,2017-01-16,Essential,NA,NA,NA,NA,NA,NA,NA,NA,NA,0.47,0.53,NA
2017-03-03,2017-03-06,Essential,NA,NA,NA,NA,NA,NA,NA,NA,NA,0.47,0.53,NA
2017-03-10,2017-03-13,Essential,NA,NA,NA,NA,NA,NA,NA,NA,NA,0.47,0.53,NA
2017-03-30,2017-04-02,Newspoll,NA,NA,NA,NA,NA,NA,NA,NA,NA,0.47,0.53,NA
2017-04-01,2017-04-04,Essential,NA,NA,NA,NA,NA,NA,NA,NA,NA,0.47,0.53,NA
2017-04-06,2017-04-09,Essential,NA,NA,NA,NA,NA,NA,NA,NA,NA,0.47,0.53,NA
2017-04-26,2017-04-30,Essential,NA,NA,NA,NA,NA,NA,NA,NA,NA,0.47,0.53,NA
2017-05-11,2017-05-11,ReachTEL,NA,NA,NA,NA,NA,NA,NA,NA,NA,0.47,0.53,NA
2017-05-10,2017-05-11,Ipsos,NA,NA,NA,NA,NA,NA,NA,NA,NA,0.47,0.53,NA
2017-05-12,2017-05-15,Newspoll,NA,NA,NA,NA,NA,NA,NA,NA,NA,0.47,0.53,NA
2017-05-26,2017-05-29,Newspoll,NA,NA,NA,NA,NA,NA,NA,NA,NA,0.47,0.53,NA
2017-06-15,2017-06-18,Newspoll,NA,NA,NA,NA,NA,NA,NA,NA,NA,0.47,0.53,NA
2017-07-06,2017-07-09,Newspoll,NA,NA,NA,NA,NA,NA,NA,NA,NA,0.47,0.53,NA
2017-07-20,2017-07-23,Newspoll,NA,NA,NA,NA,NA,NA,NA,NA,NA,0.47,0.53,NA
2017-07-25,2017-07-25,Essential,NA,NA,NA,NA,NA,NA,NA,NA,NA,0.47,0.53,NA
2017-08-03,2017-08-06,Newspoll,NA,NA,NA,NA,NA,NA,NA,NA,NA,0.47,0.53,NA
2017-08-22,2017-08-22,Essential,NA,NA,NA,NA,NA,NA,NA,NA,NA,0.47,0.53,NA
2017-08-29,2017-08-29,Essential,NA,NA,NA,NA,NA,NA,NA,NA,NA,0.47,0.53,NA
2017-08-28,2017-09-02,Newspoll,NA,NA,NA,NA,NA,NA,NA,NA,NA,0.47,0.53,NA
2017-09-05,2017-09-05,Essential,NA,NA,NA,NA,NA,NA,NA,NA,NA,0.47,0.53,NA
2017-09-06,2017-09-09,Ipsos,NA,NA,NA,NA,NA,NA,NA,NA,NA,0.47,0.53,NA
2017-09-26,2017-09-26,Essential,NA,NA,NA,NA,NA,NA,NA,NA,NA,0.47,0.53,NA
2017-10-01,2017-10-01,ReachTEL,NA,NA,NA,NA,NA,NA,NA,NA,NA,0.47,0.53,NA
2017-11-23,2017-11-27,YouGov,NA,NA,NA,NA,NA,NA,NA,NA,NA,0.47,0.53,NA
2017-11-29,2017-11-29,ReachTEL,NA,NA,NA,NA,NA,NA,NA,NA,NA,0.47,0.53,NA
2017-11-30,2017-12-03,Newspoll,NA,NA,NA,NA,NA,NA,NA,NA,NA,0.47,0.53,NA
2017-12-14,2017-12-17,Newspoll,NA,NA,NA,NA,NA,NA,NA,NA,NA,0.47,0.53,NA
2017-12-19,2017-12-19,Essential,NA,NA,NA,NA,NA,NA,NA,NA,NA,0.47,0.53,NA
2018-01-11,2018-01-15,Essential,NA,NA,NA,NA,NA,NA,NA,NA,NA,0.47,0.53,NA
2018-02-15,2018-02-18,Newspoll,NA,NA,NA,NA,NA,NA,NA,NA,NA,0.47,0.53,NA
2018-02-22,2018-02-25,Essential,NA,NA,NA,NA,NA,NA,NA,NA,NA,0.47,0.53,NA
2018-03-01,2018-03-04,Newspoll,NA,NA,NA,NA,NA,NA,NA,NA,NA,0.47,0.53,NA
2018-03-22,2018-03-25,Newspoll,NA,NA,NA,NA,NA,NA,NA,NA,NA,0.47,0.53,NA
2018-04-05,2018-04-08,Essential,NA,NA,NA,NA,NA,NA,NA,NA,NA,0.47,0.53,NA
2018-04-19,2018-04-22,Essential,NA,NA,NA,NA,NA,NA,NA,NA,NA,0.47,0.53,NA
2018-05-03,2018-05-06,Essential,NA,NA,NA,NA,NA,NA,NA,NA,NA,0.47,0.53,NA
2018-06-21,2018-06-24,Ipsos,NA,NA,NA,NA,NA,NA,NA,NA,NA,0.47,0.53,NA
2018-09-12,2018-09-15,Ipsos,NA,NA,NA,NA,NA,NA,NA,NA,NA,0.47,0.53,NA
2018-09-20,2018-09-23,Essential,NA,NA,NA,NA,NA,NA,NA,NA,NA,0.47,0.53,NA
2018-10-05,2018-10-07,Essential,NA,NA,NA,NA,NA,NA,NA,NA,NA,0.47,0.53,NA
2018-10-18,2018-10-21,Essential,NA,NA,NA,NA,NA,NA,NA,NA,NA,0.47,0.53,NA
2018-12-13,2018-12-16,Essential,NA,NA,NA,NA,NA,NA,NA,NA,NA,0.47,0.53,NA
2019-01-09,2019-01-13,Essential,NA,NA,NA,NA,NA,NA,NA,NA,NA,0.47,0.53,NA
2019-01-24,2019-01-27,Newspoll,NA,NA,NA,NA,NA,NA,NA,NA,NA,0.47,0.53,NA
2019-02-07,2019-02-10,Newspoll,NA,NA,NA,NA,NA,NA,NA,NA,NA,0.47,0.53,NA
2019-02-21,2019-02-24,Newspoll,NA,NA,NA,NA,NA,NA,NA,NA,NA,0.47,0.53,NA
2019-03-06,2019-03-11,Essential,NA,NA,NA,NA,NA,NA,NA,NA,NA,0.47,0.53,NA
2019-03-25,2019-03-28,Galaxy,NA,NA,NA,NA,NA,NA,NA,NA,NA,0.47,0.53,NA
2019-04-03,2019-04-06,Ipsos,NA,NA,NA,NA,NA,NA,NA,NA,NA,0.47,0.53,NA
2018-09-06,2018-09-09,Newspoll,NA,NA,NA,NA,NA,NA,NA,NA,NA,0.44,0.56,NA
2017-08-17,2017-08-21,YouGov,NA,NA,NA,NA,NA,NA,NA,NA,NA,0.51,0.49,NA
2016-07-06,2016-07-10,Essential,NA,NA,NA,NA,NA,NA,NA,NA,NA,0.49,0.51,NA
2016-07-13,2016-07-17,Essential,NA,NA,NA,NA,NA,NA,NA,NA,NA,0.49,0.51,NA
2016-08-19,2016-08-22,Essential,NA,NA,NA,NA,NA,NA,NA,NA,NA,0.49,0.51,NA
2016-08-26,2016-08-29,Essential,NA,NA,NA,NA,NA,NA,NA,NA,NA,0.49,0.51,NA
2016-11-24,2016-11-26,Ipsos,NA,NA,NA,NA,NA,NA,NA,NA,NA,0.49,0.51,NA
2016-11-25,2016-11-28,Essential,NA,NA,NA,NA,NA,NA,NA,NA,NA,0.49,0.51,NA
2017-06-22,2017-06-27,YouGov,NA,NA,NA,NA,NA,NA,NA,NA,NA,0.49,0.51,NA
2017-07-19,2017-07-19,ReachTEL,NA,NA,NA,NA,NA,NA,NA,NA,NA,0.49,0.51,NA
2018-03-24,2018-04-01,Roy Morgan,NA,NA,NA,NA,NA,NA,NA,NA,NA,0.49,0.51,NA
2018-04-19,2018-04-22,Newspoll,NA,NA,NA,NA,NA,NA,NA,NA,NA,0.49,0.51,NA
2018-05-10,2018-05-13,Newspoll,NA,NA,NA,NA,NA,NA,NA,NA,NA,0.49,0.51,NA
2018-05-17,2018-05-20,Essential,NA,NA,NA,NA,NA,NA,NA,NA,NA,0.49,0.51,NA
2018-06-28,2018-07-01,Newspoll,NA,NA,NA,NA,NA,NA,NA,NA,NA,0.49,0.51,NA
2018-07-12,2018-07-15,Essential,NA,NA,NA,NA,NA,NA,NA,NA,NA,0.49,0.51,NA
2018-07-12,2018-07-15,Newspoll,NA,NA,NA,NA,NA,NA,NA,NA,NA,0.49,0.51,NA
2018-07-26,2018-07-29,Newspoll,NA,NA,NA,NA,NA,NA,NA,NA,NA,0.49,0.51,NA
2018-08-09,2018-08-12,Newspoll,NA,NA,NA,NA,NA,NA,NA,NA,NA,0.49,0.51,NA
2019-02-12,2019-02-15,Ipsos,NA,NA,NA,NA,NA,NA,NA,NA,NA,0.49,0.51,NA
2019-04-20,2019-04-21,Roy Morgan,NA,NA,NA,NA,NA,NA,NA,NA,NA,0.49,0.51,NA
2019-04-27,2019-04-28,Roy Morgan,NA,NA,NA,NA,NA,NA,NA,NA,NA,0.49,0.51,NA
2019-04-26,2019-04-28,Newspoll,NA,NA,NA,NA,NA,NA,NA,NA,NA,0.49,0.51,NA
2019-04-25,2019-04-29,Essential,NA,NA,NA,NA,NA,NA,NA,NA,NA,0.49,0.51,NA
2019-05-04,2019-05-05,Roy Morgan,NA,NA,NA,NA,NA,NA,NA,NA,NA,0.49,0.51,NA
2019-05-02,2019-05-05,Newspoll,NA,NA,NA,NA,NA,NA,NA,NA,NA,0.49,0.51,NA
2019-05-09,2019-05-11,Newspoll,NA,NA,NA,NA,NA,NA,NA,NA,NA,0.49,0.51,NA
2019-05-13,2019-05-15,Galaxy,NA,NA,NA,NA,NA,NA,NA,NA,NA,0.49,0.51,NA
2019-05-12,2019-05-15,Ipsos,NA,NA,NA,NA,NA,NA,NA,NA,NA,0.49,0.51,NA
2019-04-06,2019-04-07,Roy Morgan,NA,NA,NA,NA,NA,NA,NA,NA,NA,0.475,0.525,NA
2017-01-12,2017-01-12,ReachTEL,NA,NA,NA,NA,NA,NA,NA,NA,NA,0.46,0.54,NA
2017-01-20,2017-01-23,Essential,NA,NA,NA,NA,NA,NA,NA,NA,NA,0.46,0.54,NA
2017-02-02,2017-02-05,Newspoll,NA,NA,NA,NA,NA,NA,NA,NA,NA,0.46,0.54,NA
2017-03-24,2017-03-27,Essential,NA,NA,NA,NA,NA,NA,NA,NA,NA,0.46,0.54,NA
2017-04-13,2017-04-16,Essential,NA,NA,NA,NA,NA,NA,NA,NA,NA,0.46,0.54,NA
2017-05-23,2017-05-23,Essential,NA,NA,NA,NA,NA,NA,NA,NA,NA,0.46,0.54,NA
2017-07-18,2017-07-18,Essential,NA,NA,NA,NA,NA,NA,NA,NA,NA,0.46,0.54,NA
2017-08-08,2017-08-08,Essential,NA,NA,NA,NA,NA,NA,NA,NA,NA,0.46,0.54,NA
2017-08-15,2017-08-15,Essential,NA,NA,NA,NA,NA,NA,NA,NA,NA,0.46,0.54,NA
2017-08-17,2017-08-20,Newspoll,NA,NA,NA,NA,NA,NA,NA,NA,NA,0.46,0.54,NA
2017-09-12,2017-09-12,Essential,NA,NA,NA,NA,NA,NA,NA,NA,NA,0.46,0.54,NA
2017-09-21,2017-09-24,Newspoll,NA,NA,NA,NA,NA,NA,NA,NA,NA,0.46,0.54,NA
2017-10-04,2017-10-04,Essential,NA,NA,NA,NA,NA,NA,NA,NA,NA,0.46,0.54,NA
2017-10-12,2017-10-15,Newspoll,NA,NA,NA,NA,NA,NA,NA,NA,NA,0.46,0.54,NA
2017-10-26,2017-10-29,Newspoll,NA,NA,NA,NA,NA,NA,NA,NA,NA,0.46,0.54,NA
2017-10-30,2017-10-30,Essential,NA,NA,NA,NA,NA,NA,NA,NA,NA,0.46,0.54,NA
2017-11-14,2017-11-14,Essential,NA,NA,NA,NA,NA,NA,NA,NA,NA,0.46,0.54,NA
2017-11-21,2017-11-21,Essential,NA,NA,NA,NA,NA,NA,NA,NA,NA,0.46,0.54,NA
2017-11-28,2017-11-28,Essential,NA,NA,NA,NA,NA,NA,NA,NA,NA,0.46,0.54,NA
2017-12-12,2017-12-12,Essential,NA,NA,NA,NA,NA,NA,NA,NA,NA,0.46,0.54,NA
2018-01-26,2018-01-28,Essential,NA,NA,NA,NA,NA,NA,NA,NA,NA,0.46,0.54,NA
2018-02-08,2018-02-11,Essential,NA,NA,NA,NA,NA,NA,NA,NA,NA,0.46,0.54,NA
2018-02-24,2018-02-24,ReachTEL,NA,NA,NA,NA,NA,NA,NA,NA,NA,0.46,0.54,NA
2018-03-08,2018-03-11,Essential,NA,NA,NA,NA,NA,NA,NA,NA,NA,0.46,0.54,NA
2018-03-03,2018-03-11,Roy Morgan,NA,NA,NA,NA,NA,NA,NA,NA,NA,0.46,0.54,NA
2018-03-28,2018-03-28,ReachTEL,NA,NA,NA,NA,NA,NA,NA,NA,NA,0.46,0.54,NA
2018-05-31,2018-06-03,Essential,NA,NA,NA,NA,NA,NA,NA,NA,NA,0.46,0.54,NA
2018-08-25,2018-08-26,Roy Morgan,NA,NA,NA,NA,NA,NA,NA,NA,NA,0.46,0.54,NA
2018-09-06,2018-09-09,Essential,NA,NA,NA,NA,NA,NA,NA,NA,NA,0.46,0.54,NA
2018-09-20,2018-09-23,Newspoll,NA,NA,NA,NA,NA,NA,NA,NA,NA,0.46,0.54,NA
2018-10-25,2018-10-28,Newspoll,NA,NA,NA,NA,NA,NA,NA,NA,NA,0.46,0.54,NA
2018-11-01,2018-11-04,Essential,NA,NA,NA,NA,NA,NA,NA,NA,NA,0.46,0.54,NA
2018-11-29,2018-12-02,Essential,NA,NA,NA,NA,NA,NA,NA,NA,NA,0.46,0.54,NA
2018-12-12,2018-12-15,Ipsos,NA,NA,NA,NA,NA,NA,NA,NA,NA,0.46,0.54,NA
2019-03-07,2019-03-10,Newspoll,NA,NA,NA,NA,NA,NA,NA,NA,NA,0.46,0.54,NA
2017-07-06,2017-07-11,YouGov,NA,NA,NA,NA,NA,NA,NA,NA,NA,0.52,0.48,NA
2016-07-20,2016-07-24,Essential,NA,NA,NA,NA,NA,NA,NA,NA,NA,0.48,0.52,NA
2016-07-27,2016-08-01,Essential,NA,NA,NA,NA,NA,NA,NA,NA,NA,0.48,0.52,NA
2016-08-05,2016-08-08,Essential,NA,NA,NA,NA,NA,NA,NA,NA,NA,0.48,0.52,NA
2016-08-12,2016-08-15,Essential,NA,NA,NA,NA,NA,NA,NA,NA,NA,0.48,0.52,NA
2016-09-09,2016-09-12,Essential,NA,NA,NA,NA,NA,NA,NA,NA,NA,0.48,0.52,NA
2016-09-22,2016-09-25,Newspoll,NA,NA,NA,NA,NA,NA,NA,NA,NA,0.48,0.52,NA
2016-10-06,2016-10-09,Newspoll,NA,NA,NA,NA,NA,NA,NA,NA,NA,0.48,0.52,NA
2016-10-07,2016-10-10,Essential,NA,NA,NA,NA,NA,NA,NA,NA,NA,0.48,0.52,NA
2016-10-20,2016-10-23,Newspoll,NA,NA,NA,NA,NA,NA,NA,NA,NA,0.48,0.52,NA
2016-12-01,2016-12-04,Newspoll,NA,NA,NA,NA,NA,NA,NA,NA,NA,0.48,0.52,NA
2017-02-09,2017-02-12,Essential,NA,NA,NA,NA,NA,NA,NA,NA,NA,0.48,0.52,NA
2017-02-16,2017-02-19,Essential,NA,NA,NA,NA,NA,NA,NA,NA,NA,0.48,0.52,NA
2017-03-16,2017-03-19,Newspoll,NA,NA,NA,NA,NA,NA,NA,NA,NA,0.48,0.52,NA
2017-04-20,2017-04-23,Newspoll,NA,NA,NA,NA,NA,NA,NA,NA,NA,0.48,0.52,NA
2017-06-14,2017-06-14,Essential,NA,NA,NA,NA,NA,NA,NA,NA,NA,0.48,0.52,NA
2017-06-29,2017-06-29,ReachTEL,NA,NA,NA,NA,NA,NA,NA,NA,NA,0.48,0.52,NA
2017-08-01,2017-08-01,Essential,NA,NA,NA,NA,NA,NA,NA,NA,NA,0.48,0.52,NA
2017-08-23,2017-08-23,ReachTEL,NA,NA,NA,NA,NA,NA,NA,NA,NA,0.48,0.52,NA
2017-09-19,2017-09-19,Essential,NA,NA,NA,NA,NA,NA,NA,NA,NA,0.48,0.52,NA
2017-10-24,2017-10-24,Essential,NA,NA,NA,NA,NA,NA,NA,NA,NA,0.48,0.52,NA
2017-11-14,2017-11-14,YouGov,NA,NA,NA,NA,NA,NA,NA,NA,NA,0.48,0.52,NA
2018-01-25,2018-01-25,ReachTEL,NA,NA,NA,NA,NA,NA,NA,NA,NA,0.48,0.52,NA
2018-03-22,2018-03-25,Essential,NA,NA,NA,NA,NA,NA,NA,NA,NA,0.48,0.52,NA
2018-04-03,2018-04-05,Ipsos,NA,NA,NA,NA,NA,NA,NA,NA,NA,0.48,0.52,NA
2018-04-05,2018-04-08,Newspoll,NA,NA,NA,NA,NA,NA,NA,NA,NA,0.48,0.52,NA
2018-04-30,2018-04-30,ReachTEL,NA,NA,NA,NA,NA,NA,NA,NA,NA,0.48,0.52,NA
2018-05-10,2018-05-13,Essential,NA,NA,NA,NA,NA,NA,NA,NA,NA,0.48,0.52,NA
2018-05-24,2018-05-27,Newspoll,NA,NA,NA,NA,NA,NA,NA,NA,NA,0.48,0.52,NA
2018-06-02,2018-06-02,ReachTEL,NA,NA,NA,NA,NA,NA,NA,NA,NA,0.48,0.52,NA
2018-06-14,2018-06-17,Newspoll,NA,NA,NA,NA,NA,NA,NA,NA,NA,0.48,0.52,NA
2018-06-14,2018-06-17,Essential,NA,NA,NA,NA,NA,NA,NA,NA,NA,0.48,0.52,NA
2018-06-28,2018-07-01,Essential,NA,NA,NA,NA,NA,NA,NA,NA,NA,0.48,0.52,NA
2018-08-02,2018-08-02,ReachTEL,NA,NA,NA,NA,NA,NA,NA,NA,NA,0.48,0.52,NA
2018-11-15,2018-11-17,Ipsos,NA,NA,NA,NA,NA,NA,NA,NA,NA,0.48,0.52,NA
2018-11-15,2018-11-18,Essential,NA,NA,NA,NA,NA,NA,NA,NA,NA,0.48,0.52,NA
2019-01-23,2019-01-31,Essential,NA,NA,NA,NA,NA,NA,NA,NA,NA,0.48,0.52,NA
2019-02-20,2019-02-25,Essential,NA,NA,NA,NA,NA,NA,NA,NA,NA,0.48,0.52,NA
2019-03-20,2019-03-25,Essential,NA,NA,NA,NA,NA,NA,NA,NA,NA,0.48,0.52,NA
2019-04-04,2019-04-07,Newspoll,NA,NA,NA,NA,NA,NA,NA,NA,NA,0.48,0.52,NA
2019-04-04,2019-04-08,Essential,NA,NA,NA,NA,NA,NA,NA,NA,NA,0.48,0.52,NA
2019-04-11,2019-04-14,Newspoll,NA,NA,NA,NA,NA,NA,NA,NA,NA,0.48,0.52,NA
2019-04-23,2019-04-25,Galaxy,NA,NA,NA,NA,NA,NA,NA,NA,NA,0.48,0.52,NA
2019-05-01,2019-05-04,Ipsos,NA,NA,NA,NA,NA,NA,NA,NA,NA,0.48,0.52,NA
2019-05-02,2019-05-06,Essential,NA,NA,NA,NA,NA,NA,NA,NA,NA,0.48,0.52,NA
2019-05-10,2019-05-12,Roy Morgan,NA,NA,NA,NA,NA,NA,NA,NA,NA,0.48,0.52,NA
2017-02-23,2017-02-26,Newspoll,NA,NA,NA,NA,NA,NA,NA,NA,NA,0.45,0.55,NA
2017-03-17,2017-03-20,Essential,NA,NA,NA,NA,NA,NA,NA,NA,NA,0.45,0.55,NA
2017-03-22,2017-03-25,Ipsos,NA,NA,NA,NA,NA,NA,NA,NA,NA,0.45,0.55,NA
2017-11-13,2017-11-13,Newspoll,NA,NA,NA,NA,NA,NA,NA,NA,NA,0.45,0.55,NA
2017-12-05,2017-12-05,Essential,NA,NA,NA,NA,NA,NA,NA,NA,NA,0.45,0.55,NA
2018-08-15,2018-08-18,Ipsos,NA,NA,NA,NA,NA,NA,NA,NA,NA,0.45,0.55,NA
2018-08-24,2018-08-26,Essential,NA,NA,NA,NA,NA,NA,NA,NA,NA,0.45,0.55,NA
2018-10-10,2018-10-13,Ipsos,NA,NA,NA,NA,NA,NA,NA,NA,NA,0.45,0.55,NA
2018-11-08,2018-11-11,Newspoll,NA,NA,NA,NA,NA,NA,NA,NA,NA,0.45,0.55,NA
2018-11-22,2018-11-25,Newspoll,NA,NA,NA,NA,NA,NA,NA,NA,NA,0.45,0.55,NA
2018-12-06,2018-12-09,Newspoll,NA,NA,NA,NA,NA,NA,NA,NA,NA,0.45,0.55,NA
2019-02-06,2019-02-11,Essential,NA,NA,NA,NA,NA,NA,NA,NA,NA,0.45,0.55,NA
2010-05-10,2010-05-10,Essential,NA,NA,NA,NA,NA,NA,NA,NA,NA,0.5,0.5,NA
2010-05-17,2010-05-17,Essential,NA,NA,NA,NA,NA,NA,NA,NA,NA,0.5,0.5,NA
2010-03-01,2010-03-01,Essential,NA,NA,NA,NA,NA,NA,NA,NA,NA,0.47,0.53,NA
2010-05-03,2010-05-03,Essential,NA,NA,NA,NA,NA,NA,NA,NA,NA,0.47,0.53,NA
2010-01-18,2010-01-18,Essential,NA,NA,NA,NA,NA,NA,NA,NA,NA,0.44,0.56,NA
2010-01-25,2010-01-25,Essential,NA,NA,NA,NA,NA,NA,NA,NA,NA,0.44,0.56,NA
2010-02-02,2010-02-02,Essential,NA,NA,NA,NA,NA,NA,NA,NA,NA,0.44,0.56,NA
2010-03-15,2010-03-15,Essential,NA,NA,NA,NA,NA,NA,NA,NA,NA,0.44,0.56,NA
2010-03-22,2010-03-22,Essential,NA,NA,NA,NA,NA,NA,NA,NA,NA,0.44,0.56,NA
2010-05-31,2010-05-31,Essential,NA,NA,NA,NA,NA,NA,NA,NA,NA,0.49,0.51,NA
2010-06-15,2010-06-15,Essential,NA,NA,NA,NA,NA,NA,NA,NA,NA,0.49,0.51,NA
2010-08-16,2010-08-16,Essential,NA,NA,NA,NA,NA,NA,NA,NA,NA,0.49,0.51,NA
2010-08-17,2010-08-17,Essential,NA,NA,NA,NA,NA,NA,NA,NA,NA,0.49,0.51,NA
2010-08-20,2010-08-20,Essential,NA,NA,NA,NA,NA,NA,NA,NA,NA,0.49,0.51,NA
2010-02-22,2010-02-22,Essential,NA,NA,NA,NA,NA,NA,NA,NA,NA,0.46,0.54,NA
2010-04-06,2010-04-06,Essential,NA,NA,NA,NA,NA,NA,NA,NA,NA,0.46,0.54,NA
2010-04-12,2010-04-12,Essential,NA,NA,NA,NA,NA,NA,NA,NA,NA,0.46,0.54,NA
2010-04-19,2010-04-19,Essential,NA,NA,NA,NA,NA,NA,NA,NA,NA,0.46,0.54,NA
2010-04-27,2010-04-27,Essential,NA,NA,NA,NA,NA,NA,NA,NA,NA,0.46,0.54,NA
2010-06-28,2010-06-28,Essential,NA,NA,NA,NA,NA,NA,NA,NA,NA,0.46,0.54,NA
2010-07-05,2010-07-05,Essential,NA,NA,NA,NA,NA,NA,NA,NA,NA,0.46,0.54,NA
2010-08-02,2010-08-02,Essential,NA,NA,NA,NA,NA,NA,NA,NA,NA,0.46,0.54,NA
2010-05-24,2010-05-24,Essential,NA,NA,NA,NA,NA,NA,NA,NA,NA,0.48,0.52,NA
2010-06-07,2010-06-07,Essential,NA,NA,NA,NA,NA,NA,NA,NA,NA,0.48,0.52,NA
2010-06-21,2010-06-21,Essential,NA,NA,NA,NA,NA,NA,NA,NA,NA,0.48,0.52,NA
2010-08-09,2010-08-09,Essential,NA,NA,NA,NA,NA,NA,NA,NA,NA,0.48,0.52,NA
2010-02-08,2010-02-08,Essential,NA,NA,NA,NA,NA,NA,NA,NA,NA,0.45,0.55,NA
2010-02-15,2010-02-15,Essential,NA,NA,NA,NA,NA,NA,NA,NA,NA,0.45,0.55,NA
2010-07-12,2010-07-12,Essential,NA,NA,NA,NA,NA,NA,NA,NA,NA,0.45,0.55,NA
2010-07-19,2010-07-19,Essential,NA,NA,NA,NA,NA,NA,NA,NA,NA,0.45,0.55,NA
2010-07-26,2010-07-26,Essential,NA,NA,NA,NA,NA,NA,NA,NA,NA,0.45,0.55,NA
2018-10-11,2018-10-14,Newspoll,NA,NA,NA,NA,NA,NA,NA,NA,NA,0.47,0.53,NA
2018-08-24,2018-08-26,Newspoll,NA,NA,NA,NA,NA,NA,NA,NA,NA,0.44,0.56,NA
2018-07-18,2018-07-21,Ipsos,NA,NA,NA,NA,NA,NA,NA,NA,NA,0.49,0.51,NA
2018-07-26,2018-07-29,Essential,NA,NA,NA,NA,NA,NA,NA,NA,NA,0.49,0.51,NA
2019-02-16,2019-02-17,Roy Morgan,NA,NA,NA,NA,NA,NA,NA,NA,NA,0.475,0.525,NA
2018-02-22,2018-02-22,ReachTEL,NA,NA,NA,NA,NA,NA,NA,NA,NA,0.46,0.54,NA
2018-05-10,2018-05-13,Ipsos,NA,NA,NA,NA,NA,NA,NA,NA,NA,0.46,0.54,NA
2019-02-02,2019-02-11,Roy Morgan,NA,NA,NA,NA,NA,NA,NA,NA,NA,0.445,0.555,NA
2018-02-01,2018-02-04,Newspoll,NA,NA,NA,NA,NA,NA,NA,NA,NA,0.48,0.52,NA
2018-05-01,2018-05-01,ReachTEL,NA,NA,NA,NA,NA,NA,NA,NA,NA,0.48,0.52,NA
2018-05-31,2018-05-31,ReachTEL,NA,NA,NA,NA,NA,NA,NA,NA,NA,0.48,0.52,NA
2018-08-09,2018-08-12,Essential,NA,NA,NA,NA,NA,NA,NA,NA,NA,0.48,0.52,NA
2021-11-17,2021-11-21,Resolve Strategic,Online,1781,0.39,0.32,0.11,0.03,NA,0.14,NA,NA,NA,NA
2021-10-20,2021-10-24,Resolve Strategic,Online,NA,0.37,0.34,0.11,0.03,NA,0.14,NA,NA,NA,NA
2021-09-15,2021-09-19,Resolve Strategic,Online,1606,0.39,0.31,0.1,0.04,NA,0.16,NA,NA,NA,NA
2021-08-17,2021-08-21,Resolve Strategic,Online,1607,0.4,0.32,0.12,0.02,NA,0.14,NA,NA,NA,NA
2021-07-13,2021-07-17,Resolve Strategic,Online,1607,0.38,0.35,0.12,0.04,NA,0.12,NA,NA,NA,NA
2021-06-13,2021-06-13,Resolve Strategic,Online,1600,0.4,0.36,0.1,0.03,NA,0.12,NA,NA,NA,NA
2021-05-12,2021-05-16,Resolve Strategic,Online,1622,0.39,0.35,0.12,0.02,NA,0.13,NA,NA,NA,NA
2022-02-15,2022-02-20,Resolve Strategic,Online,1604,0.33,0.35,0.1,0.03,0.04,0.15,NA,NA,NA,NA
2022-01-11,2022-01-15,Resolve Strategic,Online,1607,0.34,0.35,0.11,0.03,NA,0.17,NA,NA,NA,NA
2021-06-02,2021-06-05,Newspoll-YouGov,Online,1516,0.41,0.36,0.11,0.03,NA,0.09,NA,0.5,0.5,NA
2021-02-17,2021-02-20,Newspoll-YouGov,Online,1504,0.42,0.37,0.1,0.03,NA,0.08,NA,0.5,0.5,NA
2021-01-27,2021-01-30,Newspoll-YouGov,Online,1512,0.42,0.36,0.1,0.03,NA,0.09,NA,0.5,0.5,NA
2020-08-26,2020-08-29,Newspoll-YouGov,Online,1507,0.41,0.36,0.11,0.03,NA,0.09,NA,0.5,0.5,NA
2020-04-22,2020-04-25,Newspoll-YouGov,Online,1519,0.41,0.36,0.12,0.04,NA,0.07,NA,0.5,0.5,NA
2021-12-01,2021-12-04,Newspoll-YouGov,Online,1518,0.36,0.38,0.1,0.03,NA,0.13,NA,0.47,0.53,NA
2021-11-10,2021-11-13,Newspoll-YouGov,Online,1524,0.37,0.38,0.11,0.02,NA,0.12,NA,0.47,0.53,NA
2021-09-29,2021-10-02,Newspoll-YouGov,Online,1545,0.37,0.37,0.11,0.02,NA,0.13,NA,0.47,0.53,NA
2021-09-15,2021-09-18,Newspoll-YouGov,Online,2144,0.37,0.38,0.1,0.03,NA,0.12,NA,0.47,0.53,NA
2021-08-04,2021-08-07,Newspoll-YouGov,Online,1527,0.39,0.39,0.11,0.03,NA,0.08,NA,0.47,0.53,NA
2021-07-14,2021-07-17,Newspoll-YouGov,Online,1506,0.39,0.39,0.1,0.03,NA,0.09,NA,0.47,0.53,NA
2022-01-27,2022-01-30,Newspoll-YouGov,Online,1523,0.34,0.41,0.11,0.03,NA,0.11,NA,0.44,0.56,NA
2020-11-25,2020-11-28,Newspoll-YouGov,Online,1511,0.43,0.36,0.11,0.02,NA,0.08,NA,0.51,0.49,NA
2020-11-04,2020-11-07,Newspoll-YouGov,Online,1510,0.43,0.35,0.11,0.03,NA,0.08,NA,0.51,0.49,NA
2020-09-16,2020-09-19,Newspoll-YouGov,Online,2068,0.43,0.34,0.12,0.03,NA,0.08,NA,0.51,0.49,NA
2020-06-24,2020-06-27,Newspoll-YouGov,Online,1521,0.42,0.35,0.11,0.03,NA,0.09,NA,0.51,0.49,NA
2020-06-03,2020-06-06,Newspoll-YouGov,Online,1512,0.42,0.34,0.12,0.04,NA,0.08,NA,0.51,0.49,NA
2020-05-13,2020-05-16,Newspoll-YouGov,Online,1504,0.43,0.35,0.1,0.03,NA,0.09,NA,0.51,0.49,NA
2020-04-01,2020-04-03,Newspoll-YouGov,Online,1508,0.42,0.34,0.13,0.05,NA,0.06,NA,0.51,0.49,NA
2021-06-23,2021-06-26,Newspoll-YouGov,Online,1513,0.41,0.37,0.11,0.03,NA,0.08,NA,0.49,0.51,NA
2021-05-12,2021-05-15,Newspoll-YouGov,Online,1506,0.41,0.36,0.12,0.02,NA,0.09,NA,0.49,0.51,NA
2021-04-21,2021-04-24,Newspoll-YouGov,Online,1514,0.41,0.38,0.1,0.03,NA,0.08,NA,0.49,0.51,NA
2020-03-11,2020-03-14,Newspoll-YouGov,Online,1501,0.4,0.36,0.12,0.04,NA,0.08,NA,0.49,0.51,NA
2020-02-19,2020-02-22,Newspoll-YouGov,Online,1513,0.38,0.34,0.13,0.04,NA,0.11,NA,0.49,0.51,NA
2020-01-08,2020-01-11,Newspoll-YouGov,Online,1505,0.4,0.36,0.12,0.04,NA,0.08,NA,0.49,0.51,NA
2021-10-20,2021-10-23,Newspoll-YouGov,Online,NA,0.35,0.38,0.11,0.03,NA,0.13,NA,0.46,0.54,NA
2021-08-25,2021-08-28,Newspoll-YouGov,Online,1528,0.36,0.4,0.1,0.03,NA,0.11,NA,0.46,0.54,NA
2022-03-31,2022-04-03,Newspoll-YouGov,Online,1531,0.36,0.38,0.1,0.03,0.03,0.1,NA,0.46,0.54,NA
2020-10-08,2020-10-10,Newspoll-YouGov,Online,1527,0.44,0.34,0.11,0.03,NA,0.08,NA,0.52,0.48,NA
2020-08-05,2020-08-08,Newspoll-YouGov,Online,1509,0.43,0.33,0.11,0.04,NA,0.09,NA,0.52,0.48,NA
2019-12-04,2019-12-08,Newspoll-YouGov,Online,1503,0.42,0.33,0.11,0.05,NA,0.09,NA,0.52,0.48,NA
2021-03-24,2021-03-27,Newspoll-YouGov,Online,1517,0.4,0.38,0.11,0.02,NA,0.09,NA,0.48,0.52,NA
2021-03-10,2021-03-13,Newspoll-YouGov,Online,1521,0.39,0.39,0.1,0.03,NA,0.09,NA,0.48,0.52,NA
2020-01-29,2020-02-01,Newspoll-YouGov,Online,1510,0.38,0.35,0.13,0.04,NA,0.1,NA,0.48,0.52,NA
2022-03-09,2022-03-12,Newspoll-YouGov,Online,1520,0.35,0.41,0.08,0.03,0.03,0.1,NA,0.45,0.55,NA
2022-02-23,2022-02-26,Newspoll-YouGov,Online,1525,0.35,0.41,0.09,0.03,0.04,0.08,NA,0.45,0.55,NA
2022-02-09,2022-02-12,Newspoll-YouGov,Online,1526,0.34,0.41,0.08,0.03,NA,0.14,NA,0.45,0.55,NA
2020-07-15,2020-07-18,Newspoll-YouGov,Online,1850,0.44,0.34,0.1,0.04,NA,0.08,NA,0.53,0.47,NA
2022-03-31,2022-04-03,Resolve Strategic,Online,1681,0.34,0.38,0.11,0.02,0.03,0.12,NA,NA,NA,NA
2022-04-06,2022-04-09,Newspoll-YouGov,Online,1506,0.36,0.37,0.1,0.03,0.04,0.1,NA,0.47,0.53,NA
2022-04-11,2022-04-16,Resolve Strategic,Online,1404,0.35,0.34,0.11,0.04,0.04,0.13,NA,NA,NA,NA
2022-04-14,2022-04-17,Newspoll-YouGov,Online,1510,0.35,0.36,0.12,0.04,0.04,0.09,NA,0.47,0.53,NA
2022-04-20,2022-04-23,Newspoll-YouGov,Online,1538,0.36,0.37,0.11,0.03,0.04,0.09,NA,0.47,0.53,NA
2022-04-27,2022-04-30,Resolve Strategic,Online,1408,0.33,0.34,0.15,0.05,0.05,0.08,NA,NA,NA,NA
2022-04-27,2022-04-30,Newspoll-YouGov,Online,1538,0.36,0.38,0.11,0.05,0.04,0.06,NA,0.47,0.53,NA
2019-11-07,2019-11-10,Newspoll-YouGov,IVR/online,1682,0.4,0.35,0.12,0.07,NA,0.06,NA,0.5,0.5,NA
2019-10-17,2019-10-20,Newspoll-YouGov,IVR/online,1634,0.42,0.33,0.13,0.06,NA,0.06,NA,0.51,0.49,NA
2019-09-26,2019-09-29,Newspoll-YouGov,IVR/online,1658,0.42,0.33,0.13,0.06,NA,0.06,NA,0.51,0.49,NA
2019-09-05,2019-09-07,Newspoll-YouGov,IVR/online,1661,0.43,0.35,0.12,0.05,NA,0.05,NA,0.51,0.49,NA
2019-08-15,2019-08-18,Newspoll-YouGov,IVR/online,1623,0.42,0.34,0.11,0.04,NA,0.09,NA,0.51,0.49,NA
2019-07-25,2019-07-28,Newspoll-YouGov,IVR/online,1601,0.44,0.33,0.11,0.03,NA,0.09,NA,0.53,0.47,NA
2021-04-16,2021-04-16,Resolve Strategic,CATI/online,2000,0.38,0.33,0.12,0.06,NA,0.11,NA,NA,NA,NA
2020-01-20,2020-02-03,ANU,CATI/online,3249,0.348,0.334,0.147,NA,NA,0.105,NA,NA,NA,NA
2019-11-21,2019-11-23,Newspoll-YouGov,Online[103],1519,0.41,0.33,0.12,0.05,NA,0.09,NA,0.51,0.49,NA
2021-10-02,2021-10-10,Roy Morgan,Telephone/online,2794,0.375,0.36,0.115,0.03,NA,0.12,NA,0.47,0.53,NA
2021-08-21,2021-08-29,Roy Morgan,Telephone/online,2735,0.375,0.385,0.115,0.03,NA,0.095,NA,0.455,0.545,NA
2022-03-03,2022-03-13,Roy Morgan,Telephone/online,1947,0.335,0.37,0.115,0.03,0.01,0.14,NA,0.44,0.56,NA
2022-01-04,2022-01-16,Roy Morgan,Telephone/online,2791,0.345,0.37,0.12,0.03,0.005,0.13,NA,0.44,0.56,NA
2020-11-14,2020-11-22,Roy Morgan,Telephone/online,2824,0.42,0.34,0.12,0.04,NA,0.08,NA,0.505,0.495,NA
2020-06-13,2020-06-21,Roy Morgan,Telephone/online,2593,0.425,0.345,0.105,0.04,NA,0.085,NA,0.505,0.495,NA
2020-08-08,2020-08-16,Roy Morgan,Telephone/online,2841,0.46,0.325,0.11,0.03,NA,0.075,NA,0.54,0.46,NA
2021-05-29,2021-06-06,Roy Morgan,Telephone/online,2817,0.4,0.355,0.115,0.03,NA,0.1,NA,0.49,0.51,NA
2021-09-04,2021-09-12,Roy Morgan,Telephone/online,2735,0.395,0.35,0.13,0.03,NA,0.1,NA,0.475,0.525,NA
2021-07-10,2021-07-18,Roy Morgan,Telephone/online,2737,0.39,0.37,0.115,0.03,NA,0.095,NA,0.475,0.525,NA
2021-10-16,2021-10-24,Roy Morgan,Telephone/online,2778,0.365,0.35,0.135,0.035,NA,0.115,NA,0.46,0.54,NA
2021-09-18,2021-09-26,Roy Morgan,Telephone/online,2752,0.36,0.36,0.125,0.035,NA,0.12,NA,0.46,0.54,NA
2021-08-07,2021-08-15,Roy Morgan,Telephone/online,2747,0.375,0.375,0.125,0.035,NA,0.09,NA,0.46,0.54,NA
2021-12-11,2021-12-19,Roy Morgan,Telephone/online,NA,0.345,0.37,0.115,0.04,NA,0.13,NA,0.445,0.555,NA
2021-11-13,2021-11-21,Roy Morgan,Telephone/online,2795,0.355,0.355,0.12,0.035,NA,0.135,NA,0.445,0.555,NA
2022-03-21,2022-03-27,Roy Morgan,Telephone/online,1404,0.33,0.355,0.125,0.035,0.01,0.145,NA,0.445,0.555,NA
2020-07-11,2020-07-19,Roy Morgan,Telephone/online,2589,0.435,0.335,0.11,0.025,NA,0.095,NA,0.515,0.485,NA
2020-04-18,2020-04-26,Roy Morgan,Telephone/online,2806,0.435,0.33,0.115,0.03,NA,0.09,NA,0.515,0.485,NA
2022-01-31,2022-02-13,Roy Morgan,Telephone/online,2796,0.33,0.385,0.115,0.04,0.015,0.115,NA,0.43,0.57,NA
2021-06-12,2021-06-20,Roy Morgan,Telephone/online,2782,0.415,0.345,0.12,0.035,NA,0.085,NA,0.495,0.505,NA
2021-03-06,2021-03-14,Roy Morgan,Telephone/online,2747,0.41,0.345,0.125,0.025,NA,0.095,NA,0.495,0.505,NA
2021-02-06,2021-02-14,Roy Morgan,Telephone/online,2786,0.4,0.345,0.13,0.035,NA,0.09,NA,0.495,0.505,NA
2021-10-30,2021-11-07,Roy Morgan,Telephone/online,2723,0.365,0.35,0.115,0.03,NA,0.14,NA,0.465,0.535,NA
2021-07-24,2021-07-01,Roy Morgan,Telephone/online,2709,0.37,0.37,0.125,0.03,NA,0.105,NA,0.465,0.535,NA
2021-11-27,2021-12-05,Roy Morgan,Telephone/online,2805,0.345,0.36,0.125,0.035,NA,0.135,NA,0.435,0.565,NA
2022-02-24,2022-03-03,Roy Morgan,Telephone/online,1141,0.34,0.375,0.115,0.035,0.01,0.125,NA,0.435,0.565,NA
2022-02-14,2022-02-23,Roy Morgan,Telephone/online,2261,0.325,0.375,0.125,0.035,0.015,0.125,NA,0.435,0.565,NA
2022-01-17,2022-01-30,Roy Morgan,Telephone/online,2783,0.33,0.375,0.115,0.035,0.02,0.125,NA,0.435,0.565,NA
2022-03-14,2022-03-20,Roy Morgan,Telephone/online,1418,0.31,0.375,0.12,0.03,0.01,0.155,NA,0.42,0.58,NA
2022-03-28,2022-04-03,Roy Morgan,Telephone/online,1367,0.33,0.395,0.11,0.035,0.01,0.12,NA,0.43,0.57,NA
2022-04-04,2022-04-10,Roy Morgan,Telephone/online,1384,0.325,0.36,0.125,0.05,0.015,0.125,NA,0.43,0.57,NA
2022-04-11,2022-04-17,Roy Morgan,Telephone/online,1382,0.355,0.35,0.14,0.045,0.015,0.095,NA,0.45,0.55,NA
2022-04-18,2022-04-24,Roy Morgan,Telephone/online,1393,0.355,0.35,0.12,0.045,0.015,0.115,NA,0.455,0.545,NA
2022-04-25,2022-05-01,Roy Morgan,Telephone/online,1487,0.35,0.35,0.13,0.03,0.01,0.13,NA,0.445,0.555,NA
2020-10-12,2020-10-12,Essential,Online,NA,0.4,0.33,0.09,0.03,NA,0.05,0.09,0.47,0.44,0.09
2020-11-02,2020-11-02,Essential,Online,NA,0.39,0.35,0.09,0.03,NA,0.05,0.09,0.44,0.46,0.09
2021-10-06,2021-10-10,Essential,Online,1097,0.36,0.34,0.09,0.04,NA,0.08,0.09,0.45,0.46,0.09
2020-12-14,2020-12-14,Essential,Online,NA,0.37,0.35,0.08,0.04,NA,0.07,0.09,0.45,0.46,0.09
2020-07-13,2020-07-13,Essential,Online,1054,0.37,0.34,0.1,0.04,NA,0.06,0.09,0.45,0.46,0.09
2020-09-21,2020-09-21,Essential,Online,NA,0.41,0.31,0.1,0.04,NA,0.05,0.09,0.49,0.42,0.08
2020-06-29,2020-06-29,Essential,Online,1079,0.39,0.33,0.09,0.04,NA,0.06,0.08,0.47,0.45,0.08
2020-06-08,2020-06-08,Essential,Online,1073,0.4,0.33,0.09,0.04,NA,0.06,0.08,0.47,0.45,0.08
2021-07-05,2021-07-05,Essential,Online,NA,0.37,0.36,0.08,0.04,NA,0.05,0.08,0.44,0.48,0.08
2021-05-24,2021-05-24,Essential,Online,NA,0.37,0.35,0.1,0.03,NA,0.06,0.08,0.44,0.48,0.08
2021-05-10,2021-05-10,Essential,Online,NA,0.38,0.36,0.09,0.03,NA,0.06,0.08,0.44,0.48,0.08
2021-01-27,2021-02-01,Essential,Online,1092,0.37,0.35,0.1,0.03,NA,0.07,0.08,0.44,0.47,0.08
2020-11-30,2020-11-30,Essential,Online,NA,0.41,0.33,0.08,0.04,NA,0.06,0.08,0.49,0.43,0.08
2021-09-08,2021-09-12,Essential,Online,1100,0.38,0.34,0.08,0.04,NA,0.08,0.08,0.46,0.46,0.08
2022-02-02,2022-02-06,Essential,Online,1069,0.37,0.35,0.09,0.04,0.02,0.05,0.08,0.46,0.47,0.08
2022-01-20,2022-01-23,Essential,Online,1062,0.36,0.37,0.08,0.03,NA,0.09,0.08,0.43,0.5,0.08
2020-10-14,2020-10-19,Essential,Online,NA,0.39,0.35,0.09,0.03,NA,0.07,0.08,0.48,0.45,0.08
2021-12-08,2021-12-13,Essential,Online,1095,0.36,0.36,0.09,0.04,NA,0.06,0.08,0.45,0.47,0.08
2021-12-01,2021-12-05,Essential,Online,1094,0.38,0.35,0.1,0.03,NA,0.07,0.08,0.45,0.48,0.08
2021-08-16,2021-08-16,Essential,Online,NA,0.37,0.36,0.09,0.03,NA,0.06,0.08,0.45,0.47,0.08
2021-08-02,2021-08-02,Essential,Online,NA,0.38,0.35,0.09,0.04,NA,0.06,0.08,0.45,0.47,0.08
2021-07-19,2021-07-19,Essential,Online,NA,0.37,0.36,0.1,0.04,NA,0.06,0.08,0.45,0.47,0.08
2020-09-07,2020-09-07,Essential,Online,NA,0.38,0.32,0.1,0.03,NA,0.09,0.08,0.45,0.47,0.08
2020-07-23,2020-07-26,Essential,Online,1058,0.38,0.35,0.09,0.04,NA,0.06,0.08,0.45,0.47,0.08
2022-04-20,2022-04-23,Ipsos,Telephone/online,2302,0.32,0.34,0.12,0.04,0.03,0.08,0.08,0.45,0.55,NA
2022-03-30,2022-04-02,Essential,Online,1086,0.37,0.36,0.1,0.04,0.03,0.05,0.05,0.45,0.5,0.05
2021-11-03,2021-11-07,Essential,Online,1089,0.35,0.37,0.09,0.03,NA,0.06,0.1,0.44,0.46,0.1
2020-08-10,2020-08-10,Essential,Online,NA,0.38,0.34,0.09,0.04,NA,0.05,0.1,0.46,0.44,0.1
2021-02-15,2021-02-15,Essential,Online,NA,0.39,0.35,0.08,0.04,NA,0.07,0.06,0.47,0.47,0.06
2021-10-20,2021-10-24,Essential,Online,1781,0.37,0.36,0.1,0.03,NA,0.08,0.06,0.44,0.49,0.06
2021-09-22,2021-09-26,Essential,Online,1094,0.38,0.36,0.09,0.03,NA,0.06,0.06,0.46,0.48,0.06
2022-02-17,2022-02-20,Essential,Online,1089,0.35,0.38,0.09,0.05,0.03,0.04,0.06,0.45,0.49,0.06
2022-04-27,2022-04-30,Essential,Online,1500,0.36,0.35,0.1,0.03,0.04,0.05,0.06,0.45,0.49,NA
2022-03-30,2022-04-02,Ipsos,Online,NA,0.31,0.35,0.1,0.04,0.02,0.08,0.07,0.45,0.55,NA
2022-04-19,2022-04-20,Essential,Online,1052,0.37,0.35,0.09,0.03,0.04,0.05,0.07,0.46,0.47,NA
2021-03-15,2021-03-15,Essential,Online,NA,0.38,0.34,0.09,0.03,NA,0.08,0.07,0.47,0.47,0.07
2020-10-05,2020-10-05,Essential,Online,NA,0.39,0.34,0.09,0.05,NA,0.06,0.07,0.47,0.46,0.07
2020-08-24,2020-08-24,Essential,Online,NA,0.39,0.35,0.09,0.04,NA,0.06,0.07,0.47,0.45,0.07
2020-06-15,2020-06-15,Essential,Online,1087,0.38,0.35,0.09,0.05,NA,0.07,0.07,0.47,0.47,0.07
2021-06-07,2021-06-07,Essential,Online,NA,0.38,0.35,0.1,0.04,NA,0.07,0.07,0.44,0.48,0.07
2022-03-17,2022-03-20,Essential,Online,1091,0.37,0.37,0.09,0.03,0.02,0.04,0.07,0.44,0.48,0.07
2022-03-02,2022-03-06,Essential,Online,1093,0.36,0.35,0.1,0.03,0.03,0.04,0.07,0.44,0.49,0.07
2021-04-26,2021-04-26,Essential,Online,NA,0.39,0.34,0.1,0.04,NA,0.06,0.07,0.46,0.46,0.07
2021-03-29,2021-03-29,Essential,Online,NA,0.39,0.36,0.08,0.03,NA,0.07,0.07,0.46,0.47,0.07
2021-01-18,2021-01-18,Essential,Online,NA,0.4,0.33,0.1,0.03,NA,0.07,0.07,0.48,0.45,0.07
2020-06-22,2020-06-22,Essential,Online,1079,0.39,0.33,0.1,0.05,NA,0.06,0.07,0.48,0.46,0.07
2021-11-17,2021-11-21,Essential,Online,1095,0.36,0.37,0.1,0.04,NA,0.07,0.07,0.45,0.48,0.07
2021-08-25,2021-08-29,Essential,Online,1100,0.38,0.36,0.1,0.04,NA,0.06,0.07,0.45,0.48,0.07
2021-06-21,2021-06-21,Essential,Online,NA,0.38,0.36,0.1,0.04,NA,0.05,0.07,0.45,0.47,0.07
2021-04-12,2021-04-12,Essential,Online,NA,0.37,0.36,0.1,0.03,NA,0.07,0.07,0.45,0.48,0.07
2021-03-01,2021-03-01,Essential,Online,NA,0.37,0.34,0.09,0.04,NA,0.08,0.07,0.45,0.48,0.07
2020-11-16,2020-11-16,Essential,Online,NA,0.38,0.35,0.09,0.04,NA,0.06,0.07,0.45,0.47,0.07
2022-05-04,2022-05-07,Newspoll-YouGov,Online,1523,0.35,0.39,0.11,0.05,0.04,0.06,NA,0.46,0.54,NA
2022-05-04,2022-05-07,Ipsos,Telephone/online,2311,0.29,0.35,0.12,0.04,0.03,0.1,0.07,0.43,0.57,NA
2022-05-02,2022-05-08,Roy Morgan,Telephone/online,1401,0.34,0.355,0.13,0.04,0.01,0.125,NA,0.455,0.545,NA
2022-05-10,2022-05-13,Newspoll-YouGov,Online,1532,0.35,0.38,0.11,0.06,0.03,0.07,NA,0.46,0.54,NA
2022-05-12,2022-05-17,Resolve Strategic,Telephone/online,2049,0.34,0.31,0.14,0.05,0.04,0.1,NA,NA,NA,NA
2022-05-09,2022-05-15,Roy Morgan,Telephone/online,1366,0.34,0.34,0.13,0.04,0.01,0.14,NA,0.47,0.53,NA
2022-05-14,2022-05-16,Essential,Online,1600,0.36,0.35,0.09,0.05,0.03,0.06,0.07,0.46,0.48,NA
2022-05-15,2022-05-18,Ipsos,Telephone/online,1996,0.33,0.34,0.12,NA,NA,0.15,0.05,0.44,0.51,0.05
2022-05-13,2022-05-19,Newspoll-YouGov,Online,2188,0.35,0.36,0.12,0.05,0.03,0.09,NA,0.47,0.53,